Cadence Genus(TM) Synthesis Solution.
Copyright 2022 Cadence Design Systems, Inc. All rights reserved worldwide.
Cadence and the Cadence logo are registered trademarks and Genus is a trademark
of Cadence Design Systems, Inc. in the United States and other countries.

[13:54:07.395681] Configured Lic search path (21.01-s002): 5280@CadenceServer

Version: 21.14-s082_1, built Thu Jun 23 02:02:08 PDT 2022
Options: -files run.tcl 
Date:    Tue Aug 25 13:54:07 2026
Host:    cad07 (x86_64 w/Linux 4.18.0-425.3.1.el8.x86_64) (4cores*4cpus*1physical cpu*Intel(R) Core(TM) i5-7400 CPU @ 3.00GHz 6144KB) (7764280KB)
PID:     240107
OS:      Red Hat Enterprise Linux release 8.7 (Ootpa)


[13:54:07.025610] Periodic Lic check successful
[13:54:07.025618] Feature usage summary:
[13:54:07.025619] Genus_Synthesis
Checking out license: Genus_Synthesis


***********************************************************************************************************
***********************************************************************************************************



Loading tool scripts...
Finished loading tool scripts (10 seconds elapsed).

#@ Processing -files option
@genus 1> source run.tcl
#@ Begin verbose source ./run.tcl
@file(run.tcl) 1: read_libs slow_vdd1v0_basicCells.lib

Threads Configured:3

  Message Summary for Library slow_vdd1v0_basicCells.lib:
  *******************************************************
  Missing a function attribute in the output pin definition. [LBR-518]: 1
  *******************************************************
 
Info    : Created nominal operating condition. [LBR-412]
        : Operating condition '_nominal_' was created for the PVT values (1.000000, 0.900000, 125.000000) in library 'slow_vdd1v0_basicCells.lib'.
        : The nominal operating condition is represented, either by the nominal PVT values specified in the library source (via nom_process,nom_voltage and nom_temperature respectively), or by the default PVT values (1.0,1.0,1.0).
Warning : Library cell has no output pins defined. [LBR-9]
        : Library cell 'ANTENNA' must have an output pin.
        : Add the missing output pin(s), then reload the library. Else the library cell will be marked as timing model i.e. unusable. Timing_model means that the cell does not have any defined function. If there is no output pin, Genus will mark library cell as unusable i.e. the attribute 'usable' will be marked to 'false' on the libcell. Therefore, the cell is not used for mapping and it will not be picked up from the library for synthesis. If you query the attribute 'unusable_reason' on the libcell; result will be: 'Library cell has no output pins.'Note: The message LBR-9 is only for the logical pins and not for the power_ground pins. Genus will depend upon the output function defined in the pin group (output pin) of the cell, to use it for mapping. The pg_pin will not have any function defined.
Warning : Library cell has no output pins defined. [LBR-9]
        : Library cell 'ANTENNA' must have an output pin.
@file(run.tcl) 2: read_hdl -sv dut.sv
@file(run.tcl) 3: elaborate
  Library has 324 usable logic and 128 usable sequential lib-cells.
Info    : Elaborating Design. [ELAB-1]
        : Elaborating top-level block 'dut' from file 'dut.sv'.
Warning : Unreachable statements for case item. [CDFG-472]
        : Case item 'default' in module 'dut' in file 'dut.sv' on line 31.
Warning : Unreachable statements for case item. [CDFG-472]
        : Case item 'default' in module 'dut' in file 'dut.sv' on line 70.
Info    : Done Elaborating Design. [ELAB-3]
        : Done elaborating 'dut'.
Checking for analog nets...
Check completed for analog nets.
Checking for source RTL...
Check completed for source RTL.
Running Unified Mux Engine Tricks...
Completed Unified Mux Engine Tricks

Stage: post_elab
--------------------------------------------------------
| Trick             | Accepts | Rejects | Runtime (ms) | 
--------------------------------------------------------
| ume_constant_bmux |       0 |       0 |         0.00 | 
--------------------------------------------------------
Starting clip mux common data inputs [v1.0] (stage: post_elab, startdef: dut, recur: true)
Completed clip mux common data inputs (accepts: 0, rejects: 0, runtime: 0.000s)
Starting clip the non-user hierarchies [v2.0] (stage: post_elab, startdef: dut, recur: true)
Completed clip the non-user hierarchies (accepts: 0, rejects: 0, runtime: 0.000s)

Stage: post_elab
---------------------------------------------------------
| Transform          | Accepts | Rejects | Runtime (ms) | 
---------------------------------------------------------
| hlo_clip_mux_input |       0 |       0 |         0.00 | 
| hlo_clip           |       0 |       0 |         0.00 | 
---------------------------------------------------------
UM:   flow.cputime  flow.realtime  timing.setup.tns  timing.setup.wns  snapshot
UM:*                                                                   elaborate
@file(run.tcl) 4: read_sdc constraints_led.sdc
Error   : A command argument is of the wrong type. [TUI-66] [set_input_output_delay_fast]
        : A floating point number was expected, but '0.20x5' was seen instead.
        : Check the command usage and correct the input to the command.
Error   : Could not interpret SDC command. [SDC-202] [read_sdc]
        : The 'read_sdc' command encountered an error while processing this command on line '5' of the SDC file 'constraints_led.sdc': set_input_delay -max 0.2[get_ports 'display_data'] -clock [get_clocks 'clk'].
        : The 'read_sdc' command encountered a problem while trying to evaluate an SDC command. This SDC command will be added to the Tcl variable $::dc::sdc_failed_commands.
Error   : A command argument is of the wrong type. [TUI-66] [set_input_output_delay_fast]
        : A floating point number was expected, but '0.20x7' was seen instead.
Error   : Could not interpret SDC command. [SDC-202] [read_sdc]
        : The 'read_sdc' command encountered an error while processing this command on line '6' of the SDC file 'constraints_led.sdc': set_input_delay -max 0.2[get_ports 'brightness'] -clock [get_clocks 'clk'].
Error   : A command argument is of the wrong type. [TUI-66] [set_input_output_delay_fast]
        : A floating point number was expected, but '0.20x9' was seen instead.
Error   : Could not interpret SDC command. [SDC-202] [read_sdc]
        : The 'read_sdc' command encountered an error while processing this command on line '7' of the SDC file 'constraints_led.sdc': set_input_delay -max 0.2[get_ports 'refresh_div'] -clock [get_clocks 'clk'].
Error   : A command argument is of the wrong type. [TUI-66] [set_input_output_delay_fast]
        : A floating point number was expected, but '0.20x11' was seen instead.
Error   : Could not interpret SDC command. [SDC-202] [read_sdc]
        : The 'read_sdc' command encountered an error while processing this command on line '8' of the SDC file 'constraints_led.sdc': set_output_delay -max 0.2[get_ports 'row'] -clock [get_clocks 'clk'].
Error   : A command argument is of the wrong type. [TUI-66] [set_input_output_delay_fast]
        : A floating point number was expected, but '0.20x13' was seen instead.
Error   : Could not interpret SDC command. [SDC-202] [read_sdc]
        : The 'read_sdc' command encountered an error while processing this command on line '9' of the SDC file 'constraints_led.sdc': set_output_delay -max 0.2[get_ports 'col'] -clock [get_clocks 'clk'].
Statistics for commands executed by read_sdc:
 "create_clock"             - successful      1 , failed      0 (runtime  0.00)
 "get_clocks"               - successful      7 , failed      0 (runtime  0.00)
 "get_ports"                - successful      7 , failed      0 (runtime  0.01)
 "set_clock_transition"     - successful      2 , failed      0 (runtime  0.00)
 "set_clock_uncertainty"    - successful      1 , failed      0 (runtime  0.00)
 "set_input_delay"          - successful      0 , failed      3 (runtime  0.00)
 "set_output_delay"         - successful      0 , failed      2 (runtime  0.00)
Warning : Total failed commands during read_sdc are 5
Warning : One or more commands failed when these constraints were applied. [SDC-209]
        : The 'read_sdc' command encountered a problem while processing commands.
        : You can examine the failed commands or save them to a file by querying the Tcl variable $::dc::sdc_failed_commands.
read_sdc completed in 00:00:00 (hh:mm:ss)
@file(run.tcl) 5: syn_generic

Stage: pre_early_cg
------------------------------------------------
| Transform | Accepts | Rejects | Runtime (ms) | 
------------------------------------------------
------------------------------------------------
##Generic Timing Info for library domain: _default_ typical gate delay: 127.6 ps std_slew: 17.9 ps std_load: 1.0 fF
Starting mux data reorder optimization [v1.0] (stage: pre_to_gen_setup, startdef: dut, recur: true)
Completed mux data reorder optimization (accepts: 0, rejects: 0, runtime: 0.000s)

Stage: pre_to_gen_setup
------------------------------------------------------
| Transform       | Accepts | Rejects | Runtime (ms) | 
------------------------------------------------------
| hlo_mux_reorder |       0 |       0 |         0.00 | 
------------------------------------------------------
Info    : Deleting instances not driving any primary outputs. [GLO-34]
        : Deleting 1 hierarchical instance.
        : Optimizations such as constant propagation or redundancy removal could change the connections so a hierarchical instance does not drive any primary outputs anymore. To see the list of deleted hierarchical instances, set the 'information_level' attribute to 2 or above. If the message is truncated set the message attribute 'truncate' to false to see the complete list. To prevent this optimization, set the 'delete_unloaded_insts' root/subdesign attribute to 'false' or 'preserve' instance attribute to 'true'.
Info    : Synthesizing. [SYNTH-1]
        : Synthesizing 'dut' to generic gates using 'medium' effort.
PBS_Generic-Start - Elapsed_Time 0, CPU_Time 0.0
stamp 'PBS_Generic-Start' being created for table 'pbs_debug'

  Total Time (Wall) |  Stage Time (Wall)  |   % (Wall)   |    Date - Time     |  Memory   | Stage
--------------------+---------------------+--------------+--------------------+-----------+----------------------
 00:00:10(00:00:06) |  00:00:00(00:00:00) |   0.0(  0.0) |   13:54:18 (Aug25) |  418.0 MB | PBS_Generic-Start
--------------------+---------------------+--------------+--------------------+-----------+----------------------
Number of threads: 8 * 1   (id: pbs_debug, time_info v1.57)
Info: (*N*) indicates data that was populated from previously saved time_info database
Info: CPU time includes time of parent + longest thread
TNS Restructuring config: no_value at stage: generic applied.
Info    : Partition Based Synthesis execution skipped. [PHYS-752]
        : Design size is less than the partition size '100000' for distributed generic optimization to kick in.
Starting mux data reorder optimization [v1.0] (stage: pre_to_gen_setup, startdef: dut, recur: true)
Completed mux data reorder optimization (accepts: 0, rejects: 0, runtime: 0.000s)

Stage: pre_to_gen_setup
------------------------------------------------------
| Transform       | Accepts | Rejects | Runtime (ms) | 
------------------------------------------------------
| hlo_mux_reorder |       0 |       0 |         0.00 | 
------------------------------------------------------
Starting mux data reorder optimization [v1.0] (stage: post_to_gen_setup, startdef: dut, recur: true)
Completed mux data reorder optimization (accepts: 0, rejects: 0, runtime: 0.000s)

Stage: post_to_gen_setup
------------------------------------------------------
| Transform       | Accepts | Rejects | Runtime (ms) | 
------------------------------------------------------
| hlo_mux_reorder |       0 |       0 |         0.00 | 
------------------------------------------------------
Running Unified Mux Engine Tricks...
Completed Unified Mux Engine Tricks

Stage: pre_hlo_rtlopt
--------------------------------------------
| Trick | Accepts | Rejects | Runtime (ms) | 
--------------------------------------------
--------------------------------------------
Starting infer macro optimization [v1.0] (stage: pre_rtlopt, startdef: dut, recur: true)
Completed infer macro optimization (accepts: 0, rejects: 0, runtime: 0.001s)
Starting decode mux sandwich optimization [v2.0] (stage: pre_rtlopt, startdef: dut, recur: true)
Completed decode mux sandwich optimization (accepts: 0, rejects: 0, runtime: 0.000s)
Starting decode mux optimization [v1.0] (stage: pre_rtlopt, startdef: dut, recur: true)
Completed decode mux optimization (accepts: 0, rejects: 0, runtime: 0.000s)
Starting chop wide muxes [v1.0] (stage: pre_rtlopt, startdef: dut, recur: true)
Completed chop wide muxes (accepts: 0, rejects: 0, runtime: 0.000s)
Starting common data mux cascade opt [v1.0] (stage: pre_rtlopt, startdef: dut, recur: true)
Completed common data mux cascade opt (accepts: 0, rejects: 0, runtime: 0.000s)
Starting mux input consolidation [v1.0] (stage: pre_rtlopt, startdef: dut, recur: true)
Completed mux input consolidation (accepts: 0, rejects: 0, runtime: 0.000s)
Starting constant-data mux optimization [v1.0] (stage: pre_rtlopt, startdef: dut, recur: true)
Completed constant-data mux optimization (accepts: 0, rejects: 0, runtime: 0.000s)
Starting chain-to-tree inequality transform [v2.0] (stage: pre_rtlopt, startdef: dut, recur: true)
Completed chain-to-tree inequality transform (accepts: 0, rejects: 0, runtime: 0.000s)
Starting reconvergence optimization [v1.0] (stage: pre_rtlopt, startdef: dut, recur: true)
Completed reconvergence optimization (accepts: 0, rejects: 0, runtime: 0.000s)
Starting logic restructure optimization [v1.0] (stage: pre_rtlopt, startdef: dut, recur: true)
Completed logic restructure optimization (accepts: 0, rejects: 0, runtime: 0.000s)
Starting common select mux optimization [v1.0] (stage: pre_rtlopt, startdef: dut, recur: true)
Completed common select mux optimization (accepts: 0, rejects: 1, runtime: 0.000s)
Starting identity transform [v3.0] (stage: pre_rtlopt, startdef: dut, recur: true)
Completed identity transform (accepts: 0, rejects: 0, runtime: 0.001s)
Starting reduce operator chain [v1.0] (stage: pre_rtlopt, startdef: dut, recur: true)
Completed reduce operator chain (accepts: 0, rejects: 0, runtime: 0.000s)
Starting common data mux cascade opt [v1.0] (stage: pre_rtlopt, startdef: dut, recur: true)
Completed common data mux cascade opt (accepts: 0, rejects: 0, runtime: 0.000s)
Starting mux input consolidation [v1.0] (stage: pre_rtlopt, startdef: dut, recur: true)
Completed mux input consolidation (accepts: 0, rejects: 0, runtime: 0.000s)
Starting optimize datapath elements [v1.0] (stage: pre_rtlopt, startdef: dut, recur: true)
Completed optimize datapath elements (accepts: 0, rejects: 0, runtime: 0.000s)
Starting datapath recasting [v1.0] (stage: pre_rtlopt, startdef: dut, recur: true)
Completed datapath recasting (accepts: 0, rejects: 0, runtime: 0.000s)
Starting clip mux common data inputs [v1.0] (stage: pre_rtlopt, startdef: dut, recur: true)
Completed clip mux common data inputs (accepts: 0, rejects: 0, runtime: 0.000s)
Starting clip the non-user hierarchies [v2.0] (stage: pre_rtlopt, startdef: dut, recur: true)
Completed clip the non-user hierarchies (accepts: 0, rejects: 0, runtime: 0.000s)

Stage: pre_rtlopt
----------------------------------------------------------------
| Transform                 | Accepts | Rejects | Runtime (ms) | 
----------------------------------------------------------------
| hlo_infer_macro           |       0 |       0 |         1.00 | 
| hlo_decode_mux_sandwich   |       0 |       0 |         0.00 | 
| hlo_mux_decode            |       0 |       0 |         0.00 | 
| hlo_chop_mux              |       0 |       0 |         0.00 | 
| hlo_mux_cascade_opt       |       0 |       0 |         0.00 | 
| hlo_mux_consolidation     |       0 |       0 |         0.00 | 
| hlo_constant_mux_opt      |       0 |       0 |         0.00 | 
| hlo_inequality_transform  |       0 |       0 |         0.00 | 
| hlo_reconv_opt            |       0 |       0 |         0.00 | 
| hlo_restructure           |       0 |       0 |         0.00 | 
| hlo_common_select_muxopto |       0 |       1 |         0.00 | 
| hlo_identity_transform    |       0 |       0 |         1.00 | 
| hlo_reduce_operator_chain |       0 |       0 |         0.00 | 
| hlo_mux_cascade_opt       |       0 |       0 |         0.00 | 
| hlo_mux_consolidation     |       0 |       0 |         0.00 | 
| hlo_optimize_datapath     |       0 |       0 |         0.00 | 
| hlo_datapath_recast       |       0 |       0 |         0.00 | 
| hlo_clip_mux_input        |       0 |       0 |         0.00 | 
| hlo_clip                  |       0 |       0 |         0.00 | 
----------------------------------------------------------------
Running Unified Mux Engine Tricks...
Completed Unified Mux Engine Tricks

Stage: post_hlo_rtlopt
--------------------------------------------------
| Trick       | Accepts | Rejects | Runtime (ms) | 
--------------------------------------------------
| ume_runtime |       0 |       0 |         0.00 | 
--------------------------------------------------
Number of big hc bmuxes before = 0
Number of non-ctl's : 2
mux_row_70_19 mux_row_63_35 
SOP DEBUG : Module= dut, Cluster= ctl_scan_pwm_counter_70_19, ctl= 2, Non-ctl= 2
Selected impl_type 0 (ctl + 1-hot mux form) for sop cluster ctl_scan_pwm_counter_70_19.
Info    : Pre-processed datapath logic. [DPOPT-6]
        : Pre-processing optimizations applied to datapath logic in 'dut':
          sop(1) 
Info    : Optimizing datapath logic. [DPOPT-1]
        : Optimizing datapath logic in 'dut'.
Info    : Implementing datapath configurations. [DPOPT-3]
        : Implementing datapath configurations for 'CDN_DP_region_0_1'
CSAGen Prep Share:0 Re-Write:2 Speculation: 0
Warning: (CSAGEN-QOR) CSA is rejected due to potential bad sign-cast to unsigned.
:		sub_155_53 -> SUB_UNS_OP1.B
MaxCSA: Successfully built Maximal CSA Expression Expr0
CDN_DP_region_0_1 level = 0 loads = 0 drivers = 0
CDN_DP_region_0_1_c0 in dut: area: 648639900 ,dp = 4 mux = 1 sg = slow         worst_clk_period: -1.0000 
    wns: 2944  norm_wns:  -1.0000 
    fail_endp: -1 
    tns:  40800  tns_per_endp:  -1.0000   norm_tns_per_endp:  -1.0000 
    tns_sense_max:  -1.0000  tns_sense_avg:  -1.0000   tns_sense_num: -1
 skipped
CDN_DP_region_0_1_c1 in dut: area: 539198600 ,dp = 4 mux = 1 sg = fast         worst_clk_period: -1.0000 
    wns: 2662  norm_wns:  -1.0000 
    fail_endp: -1 
    tns:  36006  tns_per_endp:  -1.0000   norm_tns_per_endp:  -1.0000 
    tns_sense_max:  -1.0000  tns_sense_avg:  -1.0000   tns_sense_num: -1
 is current best
CDN_DP_region_0_1_c2 in dut: area: 539198600 ,dp = 4 mux = 1 sg = very_slow    worst_clk_period: -1.0000 
    wns: 2662  norm_wns:  -1.0000 
    fail_endp: -1 
    tns:  36006  tns_per_endp:  -1.0000   norm_tns_per_endp:  -1.0000 
    tns_sense_max:  -1.0000  tns_sense_avg:  -1.0000   tns_sense_num: -1
 is current best
CDN_DP_region_0_1_c3 in dut: area: 539198600 ,dp = 4 mux = 1 sg = very_fast    worst_clk_period: -1.0000 
    wns: 2662  norm_wns:  -1.0000 
    fail_endp: -1 
    tns:  36006  tns_per_endp:  -1.0000   norm_tns_per_endp:  -1.0000 
    tns_sense_max:  -1.0000  tns_sense_avg:  -1.0000   tns_sense_num: -1
 is current best
CDN_DP_region_0_1_c4 in dut: area: 539198600 ,dp = 4 mux = 1 sg = very_fast    worst_clk_period: -1.0000 
    wns: 2662  norm_wns:  -1.0000 
    fail_endp: -1 
    tns:  36006  tns_per_endp:  -1.0000   norm_tns_per_endp:  -1.0000 
    tns_sense_max:  -1.0000  tns_sense_avg:  -1.0000   tns_sense_num: -1
 is current best
CDN_DP_region_0_1_c5 in dut: area: 539198600 ,dp = 4 mux = 1 sg = very_fast    worst_clk_period: -1.0000 
    wns: 2662  norm_wns:  -1.0000 
    fail_endp: -1 
    tns:  36006  tns_per_endp:  -1.0000   norm_tns_per_endp:  -1.0000 
    tns_sense_max:  -1.0000  tns_sense_avg:  -1.0000   tns_sense_num: -1
 is current best
CDN_DP_region_0_1_c6 in dut: area: 539198600 ,dp = 4 mux = 1 sg = very_fast    worst_clk_period: -1.0000 
    wns: 2662  norm_wns:  -1.0000 
    fail_endp: -1 
    tns:  36006  tns_per_endp:  -1.0000   norm_tns_per_endp:  -1.0000 
    tns_sense_max:  -1.0000  tns_sense_avg:  -1.0000   tns_sense_num: -1
 is current best
CDN_DP_region_0_1_c7 in dut: area: 867522500 ,dp = 3 mux = 1 sg = very_fast    worst_clk_period: -1.0000 
    wns: 4548  norm_wns:  -1.0000 
    fail_endp: -1 
    tns:  68068  tns_per_endp:  -1.0000   norm_tns_per_endp:  -1.0000 
    tns_sense_max:  -1.0000  tns_sense_avg:  -1.0000   tns_sense_num: -1

Best config: CDN_DP_region_0_1_c6 in dut: area: 539198600 ,dp = 4 mux = 1 sg = very_fast    worst_clk_period: -1.0000 
    wns: 2662  norm_wns:  -1.0000 
    fail_endp: -1 
    tns:  36006  tns_per_endp:  -1.0000   norm_tns_per_endp:  -1.0000 
    tns_sense_max:  -1.0000  tns_sense_avg:  -1.0000   tns_sense_num: -1
  Smallest config area : 539198600.  Fastest config wns;  2662
##>+----------------------------------------------------------------------------------------------------------------------------------------------------------------+
##>Summary table of configs (Best config is CDN_DP_region_0_1_c6)
##>+----------------------------------------------------------------------------------------------------------------------------------------------------------------+
##>                     0                  1                  2                  3                  4                  5                  6                  7            
##>+----------------------------------------------------------------------------------------------------------------------------------------------------------------+
##>           Area        648639900          539198600          539198600          539198600          539198600          539198600          539198600          867522500  
##>            WNS          -294.40            -266.20            -266.20            -266.20            -266.20            -266.20            -266.20            -454.80  
##>            TNS            40800              36006              36006              36006              36006              36006              36006              68068  
##>    Num Rewrite                0                  0                  0                  0                  0                  0                  0                  3  
##>     Num Factor                0                  0                  0                  0                  0                  0                  0                  0  
##>      Num Share                0                  0                  0                  0                  0                  0                  0                  0  
##>   Num CmultCse                0                  0                  0                  0                  0                  0                  0                  0  
##>   Num Downsize                0                  0                  0                  0                  0                  0                  0                  0  
##>  Num Speculate                0                  0                  0                  0                  0                  0                  0                  0  
##>     Runtime(s)                0                  0                  0                  0                  0                  0                  0                  0  
+----------------------------------------------------------------------------------------------------------------------------------------------------------------+
##>
##>
##>+------------------------------------------------------------------------------------------------------------------------------------------------------------+
##>Optimization Step DEBUG Table for config CDN_DP_region_0_1_c6
##>
##>                          Step                        Area   ( % Chg)        WNS (Change)        TNS (Change)          Runtime (s)        Comment                   
##>+------------------------------------------------------------------------------------------------------------------------------------------------------------+
##>createMaxCarrySave              START              648639900 (      )    107373888.00 (        )             0 (        )              
##> datapath_rewrite_one_def       START              648639900 ( +0.00)    107373888.00 (   +0.00)             0 (       0)              
##>  fast_cse_elim                 START              648639900 ( +0.00)    107373888.00 (   +0.00)             0 (       0)              
##>                                  END              648639900 ( +0.00)    107373888.00 (   +0.00)             0 (       0)           0  
##>  fast_cse_elim                 START              648639900 ( +0.00)    107373888.00 (   +0.00)             0 (       0)              
##>                                  END              648639900 ( +0.00)    107373888.00 (   +0.00)             0 (       0)           0  
##>                                  END              648639900 ( +0.00)    107373888.00 (   +0.00)             0 (       0)           0  
##> dpopt_share_one_def            START              648639900 ( +0.00)    107373888.00 (   +0.00)             0 (       0)              
##>                                  END              648639900 ( +0.00)    107373888.00 (   +0.00)             0 (       0)           0  
##> csa_opto                       START              648639900 ( +0.00)    214748364.70 (+107374476.70)             0 (       0)              
##>                                  END              664655700 ( +2.47)    214748364.70 (   +0.00)             0 (       0)           0  
##>                                  END              664655700 ( +2.47)    214748364.70 (+107374476.70)             0 (       0)           0  
##>canonicalize_by_names           START              664655700 ( +0.00)    214748364.70 (   +0.00)             0 (       0)              
##>                                  END              664655700 ( +0.00)    214748364.70 (   +0.00)             0 (       0)           0  
##>datapath_rewrite_post_csa_one_  START              664655700 ( +0.00)    214748364.70 (   +0.00)             0 (       0)              
##>                                  END              664655700 ( +0.00)    214748364.70 (   +0.00)             0 (       0)           0  
##>datapath_csa_factoring_one_gde  START              664655700 ( +0.00)    214748364.70 (   +0.00)             0 (       0)              
##>                                  END              664655700 ( +0.00)    214748364.70 (   +0.00)             0 (       0)           0  
##>dpopt_share_one_def             START              664655700 ( +0.00)    214748364.70 (   +0.00)             0 (       0)              
##>                                  END              664655700 ( +0.00)    214748364.70 (   +0.00)             0 (       0)           0  
##>datapath_rewrite_post_share     START              664655700 ( +0.00)    214748364.70 (   +0.00)             0 (       0)              
##>                                  END              664655700 ( +0.00)    214748364.70 (   +0.00)             0 (       0)           0  
##>dp_combine_const_mult_with_com  START              664655700 ( +0.00)    214748364.70 (   +0.00)             0 (       0)              
##>                                  END              664655700 ( +0.00)    214748364.70 (   +0.00)             0 (       0)           0  
##>dp_operator_level_decompositio  START              664655700 ( +0.00)    214748364.70 (   +0.00)             0 (       0)              
##>                                  END              664655700 ( +0.00)    214748364.70 (   +0.00)             0 (       0)           0  
##>selective_flatten_dp_config     START              664655700 ( +0.00)    214748364.70 (   +0.00)             0 (       0)              
##>                                  END              664655700 ( +0.00)    214748364.70 (   +0.00)             0 (       0)           0  
##>createMaxCarrySave              START              664655700 ( +0.00)    214748364.70 (   +0.00)             0 (       0)              
##> datapath_rewrite_one_def       START              664655700 ( +0.00)    214748364.70 (   +0.00)             0 (       0)              
##>  fast_cse_elim                 START              664655700 ( +0.00)    214748364.70 (   +0.00)             0 (       0)              
##>                                  END              664655700 ( +0.00)    214748364.70 (   +0.00)             0 (       0)           0  
##>  fast_cse_elim                 START              664655700 ( +0.00)    214748364.70 (   +0.00)             0 (       0)              
##>                                  END              664655700 ( +0.00)    214748364.70 (   +0.00)             0 (       0)           0  
##>                                  END              664655700 ( +0.00)    214748364.70 (   +0.00)             0 (       0)           0  
##> dpopt_share_one_def            START              664655700 ( +0.00)    214748364.70 (   +0.00)             0 (       0)              
##>                                  END              664655700 ( +0.00)    214748364.70 (   +0.00)             0 (       0)           0  
##> csa_opto                       START              664655700 ( +0.00)    214748364.70 (   +0.00)             0 (       0)              
##>                                  END              664655700 ( +0.00)    214748364.70 (   +0.00)             0 (       0)           0  
##>                                  END              664655700 ( +0.00)    214748364.70 (   +0.00)             0 (       0)           0  
##>context_based_simplify          START              652643850 ( -1.81)    214748364.70 (   +0.00)             0 (       0)              
##>                                  END              539198600 (-17.38)    214748364.70 (   +0.00)             0 (       0)           0  
##>group_csa_final_adder_dp        START              539198600 ( +0.00)    214748364.70 (   +0.00)             0 (       0)              
##>                                  END              539198600 ( +0.00)    214748364.70 (   +0.00)             0 (       0)           0  
##>dpopt_flatten_critical_muxes_i  START              539198600 ( +0.00)    214748364.70 (   +0.00)             0 (       0)              
##>                                  END              539198600 ( +0.00)    214748364.70 (   +0.00)             0 (       0)           0  
##>create_score                    START              539198600 ( +0.00)     -266.20 (-214748630.90)         36006 (   36006)              
##>                                  END              539198600 ( +0.00)     -266.20 (   +0.00)         36006 (       0)           0  
##>+------------------------------------------------------------------------------------------------------------------------------------------------------------+
Committed config: CDN_DP_region_0_1_c6
Info    : Done implementing datapath configurations. [DPOPT-4]
        : Selected 'very_fast' configuration 6 for module 'CDN_DP_region_0_1'.
          Optimizations applied to 'very_fast' configuration:
            rewriting(0), factoring(0), sharing(0), cmultcse(0), downsizing(0), speculation(0)
Info    : Implementing datapath configurations. [DPOPT-3]
        : Implementing datapath configurations for 'CDN_DP_region_0_0'
CSAGen Prep Share:0 Re-Write:1 Speculation: 0
MaxCSA: Successfully built Maximal CSA Expression Expr1
CDN_DP_region_0_0 level = 0 loads = 0 drivers = 0
CDN_DP_region_0_0_c0 in dut: area: 503163050 ,dp = 3 mux = 5 sg = slow         worst_clk_period: -1.0000 
    wns: 1049  norm_wns:  -1.0000 
    fail_endp: -1 
    tns:  2272  tns_per_endp:  -1.0000   norm_tns_per_endp:  -1.0000 
    tns_sense_max:  -1.0000  tns_sense_avg:  -1.0000   tns_sense_num: -1
 skipped
CDN_DP_region_0_0_c1 in dut: area: 480474000 ,dp = 3 mux = 5 sg = fast         worst_clk_period: -1.0000 
    wns: 203  norm_wns:  -1.0000 
    fail_endp: -1 
    tns:  406  tns_per_endp:  -1.0000   norm_tns_per_endp:  -1.0000 
    tns_sense_max:  -1.0000  tns_sense_avg:  -1.0000   tns_sense_num: -1
 is current best
CDN_DP_region_0_0_c2 in dut: area: 480474000 ,dp = 3 mux = 5 sg = very_slow    worst_clk_period: -1.0000 
    wns: 203  norm_wns:  -1.0000 
    fail_endp: -1 
    tns:  406  tns_per_endp:  -1.0000   norm_tns_per_endp:  -1.0000 
    tns_sense_max:  -1.0000  tns_sense_avg:  -1.0000   tns_sense_num: -1
 is current best
CDN_DP_region_0_0_c3 in dut: area: 480474000 ,dp = 3 mux = 5 sg = very_fast    worst_clk_period: -1.0000 
    wns: 203  norm_wns:  -1.0000 
    fail_endp: -1 
    tns:  406  tns_per_endp:  -1.0000   norm_tns_per_endp:  -1.0000 
    tns_sense_max:  -1.0000  tns_sense_avg:  -1.0000   tns_sense_num: -1
 is current best
CDN_DP_region_0_0_c4 in dut: area: 480474000 ,dp = 3 mux = 5 sg = very_fast    worst_clk_period: -1.0000 
    wns: 203  norm_wns:  -1.0000 
    fail_endp: -1 
    tns:  406  tns_per_endp:  -1.0000   norm_tns_per_endp:  -1.0000 
    tns_sense_max:  -1.0000  tns_sense_avg:  -1.0000   tns_sense_num: -1
 is current best
CDN_DP_region_0_0_c5 in dut: area: 480474000 ,dp = 3 mux = 5 sg = very_fast    worst_clk_period: -1.0000 
    wns: 203  norm_wns:  -1.0000 
    fail_endp: -1 
    tns:  406  tns_per_endp:  -1.0000   norm_tns_per_endp:  -1.0000 
    tns_sense_max:  -1.0000  tns_sense_avg:  -1.0000   tns_sense_num: -1
 is current best
CDN_DP_region_0_0_c6 in dut: area: 480474000 ,dp = 3 mux = 5 sg = very_fast    worst_clk_period: -1.0000 
    wns: 203  norm_wns:  -1.0000 
    fail_endp: -1 
    tns:  406  tns_per_endp:  -1.0000   norm_tns_per_endp:  -1.0000 
    tns_sense_max:  -1.0000  tns_sense_avg:  -1.0000   tns_sense_num: -1
 is current best
CDN_DP_region_0_0_c7 in dut: area: 532525350 ,dp = 3 mux = 5 sg = very_fast    worst_clk_period: -1.0000 
    wns: 1049  norm_wns:  -1.0000 
    fail_endp: -1 
    tns:  2272  tns_per_endp:  -1.0000   norm_tns_per_endp:  -1.0000 
    tns_sense_max:  -1.0000  tns_sense_avg:  -1.0000   tns_sense_num: -1

Best config: CDN_DP_region_0_0_c6 in dut: area: 480474000 ,dp = 3 mux = 5 sg = very_fast    worst_clk_period: -1.0000 
    wns: 203  norm_wns:  -1.0000 
    fail_endp: -1 
    tns:  406  tns_per_endp:  -1.0000   norm_tns_per_endp:  -1.0000 
    tns_sense_max:  -1.0000  tns_sense_avg:  -1.0000   tns_sense_num: -1
  Smallest config area : 480474000.  Fastest config wns;  203
##>+----------------------------------------------------------------------------------------------------------------------------------------------------------------+
##>Summary table of configs (Best config is CDN_DP_region_0_0_c6)
##>+----------------------------------------------------------------------------------------------------------------------------------------------------------------+
##>                     0                  1                  2                  3                  4                  5                  6                  7            
##>+----------------------------------------------------------------------------------------------------------------------------------------------------------------+
##>           Area        503163050          480474000          480474000          480474000          480474000          480474000          480474000          532525350  
##>            WNS          -104.90             -20.30             -20.30             -20.30             -20.30             -20.30             -20.30            -104.90  
##>            TNS             2272                406                406                406                406                406                406               2272  
##>    Num Rewrite                0                  0                  0                  0                  0                  0                  0                  1  
##>     Num Factor                0                  0                  0                  0                  0                  0                  0                  0  
##>      Num Share                0                  0                  0                  0                  0                  0                  0                  0  
##>   Num CmultCse                0                  0                  0                  0                  0                  0                  0                  0  
##>   Num Downsize                0                  0                  0                  0                  0                  0                  0                  0  
##>  Num Speculate                0                  0                  0                  0                  0                  0                  0                  0  
##>     Runtime(s)                0                  0                  0                  0                  0                  0                  0                  0  
+----------------------------------------------------------------------------------------------------------------------------------------------------------------+
##>
##>
##>+------------------------------------------------------------------------------------------------------------------------------------------------------------+
##>Optimization Step DEBUG Table for config CDN_DP_region_0_0_c6
##>
##>                          Step                        Area   ( % Chg)        WNS (Change)        TNS (Change)          Runtime (s)        Comment                   
##>+------------------------------------------------------------------------------------------------------------------------------------------------------------+
##>createMaxCarrySave              START              503163050 (      )    107374077.50 (        )             0 (        )              
##> datapath_rewrite_one_def       START              503163050 ( +0.00)    107374077.50 (   +0.00)             0 (       0)              
##>  fast_cse_elim                 START              503163050 ( +0.00)    107374077.50 (   +0.00)             0 (       0)              
##>                                  END              503163050 ( +0.00)    107374077.50 (   +0.00)             0 (       0)           0  
##>  fast_cse_elim                 START              503163050 ( +0.00)    107374077.50 (   +0.00)             0 (       0)              
##>                                  END              503163050 ( +0.00)    107374077.50 (   +0.00)             0 (       0)           0  
##>                                  END              503163050 ( +0.00)    107374077.50 (   +0.00)             0 (       0)           0  
##> dpopt_share_one_def            START              503163050 ( +0.00)    107374077.50 (   +0.00)             0 (       0)              
##>                                  END              503163050 ( +0.00)    107374077.50 (   +0.00)             0 (       0)           0  
##> csa_opto                       START              503163050 ( +0.00)    214748364.70 (+107374287.20)             0 (       0)              
##>                                  END              500493750 ( -0.53)    214748364.70 (   +0.00)             0 (       0)           0  
##>                                  END              500493750 ( -0.53)    214748364.70 (+107374287.20)             0 (       0)           0  
##>canonicalize_by_names           START              500493750 ( +0.00)    214748364.70 (   +0.00)             0 (       0)              
##>                                  END              500493750 ( +0.00)    214748364.70 (   +0.00)             0 (       0)           0  
##>datapath_rewrite_post_csa_one_  START              500493750 ( +0.00)    214748364.70 (   +0.00)             0 (       0)              
##>                                  END              500493750 ( +0.00)    214748364.70 (   +0.00)             0 (       0)           0  
##>datapath_csa_factoring_one_gde  START              500493750 ( +0.00)    214748364.70 (   +0.00)             0 (       0)              
##>                                  END              500493750 ( +0.00)    214748364.70 (   +0.00)             0 (       0)           0  
##>dpopt_share_one_def             START              500493750 ( +0.00)    214748364.70 (   +0.00)             0 (       0)              
##>                                  END              500493750 ( +0.00)    214748364.70 (   +0.00)             0 (       0)           0  
##>datapath_rewrite_post_share     START              500493750 ( +0.00)    214748364.70 (   +0.00)             0 (       0)              
##>                                  END              500493750 ( +0.00)    214748364.70 (   +0.00)             0 (       0)           0  
##>dp_combine_const_mult_with_com  START              500493750 ( +0.00)    214748364.70 (   +0.00)             0 (       0)              
##>                                  END              500493750 ( +0.00)    214748364.70 (   +0.00)             0 (       0)           0  
##>dp_operator_level_decompositio  START              500493750 ( +0.00)    214748364.70 (   +0.00)             0 (       0)              
##>                                  END              500493750 ( +0.00)    214748364.70 (   +0.00)             0 (       0)           0  
##>selective_flatten_dp_config     START              500493750 ( +0.00)    214748364.70 (   +0.00)             0 (       0)              
##>                                  END              500493750 ( +0.00)    214748364.70 (   +0.00)             0 (       0)           0  
##>createMaxCarrySave              START              500493750 ( +0.00)    214748364.70 (   +0.00)             0 (       0)              
##> datapath_rewrite_one_def       START              500493750 ( +0.00)    214748364.70 (   +0.00)             0 (       0)              
##>  fast_cse_elim                 START              500493750 ( +0.00)    214748364.70 (   +0.00)             0 (       0)              
##>                                  END              500493750 ( +0.00)    214748364.70 (   +0.00)             0 (       0)           0  
##>  fast_cse_elim                 START              500493750 ( +0.00)    214748364.70 (   +0.00)             0 (       0)              
##>                                  END              500493750 ( +0.00)    214748364.70 (   +0.00)             0 (       0)           0  
##>                                  END              500493750 ( +0.00)    214748364.70 (   +0.00)             0 (       0)           0  
##> dpopt_share_one_def            START              500493750 ( +0.00)    214748364.70 (   +0.00)             0 (       0)              
##>                                  END              500493750 ( +0.00)    214748364.70 (   +0.00)             0 (       0)           0  
##> csa_opto                       START              500493750 ( +0.00)    214748364.70 (   +0.00)             0 (       0)              
##>                                  END              500493750 ( +0.00)    214748364.70 (   +0.00)             0 (       0)           0  
##>                                  END              500493750 ( +0.00)    214748364.70 (   +0.00)             0 (       0)           0  
##>context_based_simplify          START              495155150 ( -1.07)    214748364.70 (   +0.00)             0 (       0)              
##>                                  END              480474000 ( -2.96)    214748364.70 (   +0.00)             0 (       0)           0  
##>group_csa_final_adder_dp        START              480474000 ( +0.00)    214748364.70 (   +0.00)             0 (       0)              
##>                                  END              480474000 ( +0.00)    214748364.70 (   +0.00)             0 (       0)           0  
##>dpopt_flatten_critical_muxes_i  START              480474000 ( +0.00)    214748364.70 (   +0.00)             0 (       0)              
##>                                  END              480474000 ( +0.00)    214748364.70 (   +0.00)             0 (       0)           0  
##>create_score                    START              480474000 ( +0.00)      -20.30 (-214748385.00)           406 (     406)              
##>                                  END              480474000 ( +0.00)      -20.30 (   +0.00)           406 (       0)           0  
##>+------------------------------------------------------------------------------------------------------------------------------------------------------------+
Committed config: CDN_DP_region_0_0_c6
Info    : Done implementing datapath configurations. [DPOPT-4]
        : Selected 'very_fast' configuration 6 for module 'CDN_DP_region_0_0'.
          Optimizations applied to 'very_fast' configuration:
            rewriting(0), factoring(0), sharing(0), cmultcse(0), downsizing(0), speculation(0)
Info    : Done optimizing datapath logic. [DPOPT-2]
        : Done optimizing datapath logic in 'dut'.
Number of big hc bmuxes after = 0
Starting logic reduction [v1.0] (stage: post_rtlopt, startdef: dut, recur: true)
Completed logic reduction (accepts: 0, rejects: 0, runtime: 0.000s)
Starting mux data reorder optimization [v1.0] (stage: post_rtlopt, startdef: dut, recur: true)
Completed mux data reorder optimization (accepts: 0, rejects: 0, runtime: 0.000s)

Stage: post_rtlopt
----------------------------------------------------------
| Transform           | Accepts | Rejects | Runtime (ms) | 
----------------------------------------------------------
| hlo_logic_reduction |       0 |       0 |         0.00 | 
| hlo_mux_reorder     |       0 |       0 |         0.00 | 
----------------------------------------------------------
Starting mux speculation [v1.0] (stage: post_muxopt, startdef: dut, recur: true)
Starting speculation optimization
Completed speculation optimization (accepts:0)
Completed mux speculation (accepts: 0, rejects: 0, runtime: 0.009s)

Stage: post_muxopt
------------------------------------------------------
| Transform       | Accepts | Rejects | Runtime (ms) | 
------------------------------------------------------
| hlo_speculation |       0 |       0 |         9.00 | 
------------------------------------------------------
==================================
Stage : to_generic 
==================================
  =================
   Message Summary
  =================
--------------------------------------------------------------------------------
|    Id     |  Sev   |Count |                  Message Text                    |
--------------------------------------------------------------------------------
| CDFG-472  |Warning |    2 |Unreachable statements for case item.             |
| CDFG-738  |Info    |    2 |Common subexpression eliminated.                  |
| CDFG-739  |Info    |    2 |Common subexpression kept.                        |
| CDFG-769  |Info    |    1 |Identified sum-of-products logic to be optimized  |
|           |        |      | during syn_generic.                              |
| CWD-19    |Info    |   45 |An implementation was inferred.                   |
| DPOPT-1   |Info    |    1 |Optimizing datapath logic.                        |
| DPOPT-2   |Info    |    1 |Done optimizing datapath logic.                   |
| DPOPT-3   |Info    |    2 |Implementing datapath configurations.             |
| DPOPT-4   |Info    |    2 |Done implementing datapath configurations.        |
| DPOPT-6   |Info    |    1 |Pre-processed datapath logic.                     |
| ELAB-1    |Info    |    1 |Elaborating Design.                               |
| ELAB-3    |Info    |    1 |Done Elaborating Design.                          |
| GB-6      |Info    |    1 |A datapath component has been ungrouped.          |
| GLO-34    |Info    |    1 |Deleting instances not driving any primary        |
|           |        |      | outputs.                                         |
|           |        |      |Optimizations such as constant propagation or     |
|           |        |      | redundancy removal could change the connections  |
|           |        |      | so a hierarchical instance does not drive any    |
|           |        |      | primary outputs anymore. To see the list of      |
|           |        |      | deleted hierarchical instances, set the          |
|           |        |      | 'information_level' attribute to 2 or above. If  |
|           |        |      | the message is truncated set the message         |
|           |        |      | attribute 'truncate' to false to see the         |
|           |        |      | complete list. To prevent this optimization, set |
|           |        |      | the 'delete_unloaded_insts' root/subdesign       |
|           |        |      | attribute to 'false' or 'preserve' instance      |
|           |        |      | attribute to 'true'.                             |
| LBR-9     |Warning |    2 |Library cell has no output pins defined.          |
|           |        |      |Add the missing output pin(s)                     |
|           |        |      | , then reload the library. Else the library cell |
|           |        |      | will be marked as timing model i.e. unusable.    |
|           |        |      | Timing_model means that the cell does not have   |
|           |        |      | any defined function. If there is no output pin, |
|           |        |      | Genus will mark library cell as unusable i.e.    |
|           |        |      | the attribute 'usable' will be marked to 'false' |
|           |        |      | on the libcell. Therefore, the cell is not used  |
|           |        |      | for mapping and it will not be picked up from    |
|           |        |      | the library for synthesis. If you query the      |
|           |        |      | attribute 'unusable_reason' on the libcell;      |
|           |        |      | result will be: 'Library cell has no output      |
|           |        |      | pins.'Note: The message LBR-9 is only for the    |
|           |        |      | logical pins and not for the power_ground pins.  |
|           |        |      | Genus will depend upon the output function       |
|           |        |      | defined in the pin group (output pin)            |
|           |        |      | of the cell, to use it for mapping. The pg_pin   |
|           |        |      | will not have any function defined.              |
| LBR-41    |Info    |    1 |An output library pin lacks a function attribute. |
|           |        |      |If the remainder of this library cell's semantic  |
|           |        |      | checks are successful, it will be considered as  |
|           |        |      | a timing-model                                   |
|           |        |      | (because one of its outputs does not have a vali |
|           |        |      | d function.                                      |
| LBR-155   |Info    |  264 |Mismatch in unateness between 'timing_sense'      |
|           |        |      | attribute and the function.                      |
|           |        |      |The 'timing_sense' attribute will be respected.   |
| LBR-161   |Info    |    1 |Setting the maximum print count of this message   |
|           |        |      | to 10 if information_level is less than 9.       |
| LBR-162   |Info    |  124 |Both 'pos_unate' and 'neg_unate' timing_sense     |
|           |        |      | arcs have been processed.                        |
|           |        |      |Setting the 'timing_sense' to non_unate.          |
| LBR-412   |Info    |    1 |Created nominal operating condition.              |
|           |        |      |The nominal operating condition is represented,   |
|           |        |      | either by the nominal PVT values specified in    |
|           |        |      | the library source                               |
|           |        |      | (via nom_process,nom_voltage and nom_temperature |
|           |        |      | respectively)                                    |
|           |        |      | , or by the default PVT values (1.0,1.0,1.0).    |
| LBR-518   |Info    |    1 |Missing a function attribute in the output pin    |
|           |        |      | definition.                                      |
| PHYS-752  |Info    |    1 |Partition Based Synthesis execution skipped.      |
| RTLOPT-40 |Info    |    1 |Transformed datapath macro.                       |
| SDC-202   |Error   |    5 |Could not interpret SDC command.                  |
|           |        |      |The 'read_sdc' command encountered a problem      |
|           |        |      | while trying to evaluate an SDC command. This    |
|           |        |      | SDC command will be added to the Tcl variable    |
|           |        |      | $::dc::sdc_failed_commands.                      |
| SDC-209   |Warning |    1 |One or more commands failed when these            |
|           |        |      | constraints were applied.                        |
|           |        |      |You can examine the failed commands or save them  |
|           |        |      | to a file by querying the Tcl variable           |
|           |        |      | $::dc::sdc_failed_commands.                      |
| SYNTH-1   |Info    |    1 |Synthesizing.                                     |
| TIM-1000  |Info    |    1 |Multimode clock gating check is disabled.         |
| TUI-66    |Error   |    5 |A command argument is of the wrong type.          |
|           |        |      |Check the command usage and correct the input to  |
|           |        |      | the command.                                     |
--------------------------------------------------------------------------------
Mapper: Libraries have:
	domain _default_: 324 combo usable cells and 128 sequential usable cells
Warning : Not obtained requested number of super thread servers. [ST-136]
        : The tool is running on a 4 cpu machine.
        : The requested number of cpus are not available on machine.
Multi-threaded constant propagation [1|0] ...
Multi-threaded Virtual Mapping    (4 threads per ST process, 4 of 4 CPUs usable)
==================================
Stage : first_condense 
==================================
  =================
   Message Summary
  =================
--------------------------------------------------------------------------------
|   Id   |  Sev   |Count |                    Message Text                     |
--------------------------------------------------------------------------------
| GB-6   |Info    |    5 |A datapath component has been ungrouped.             |
| ST-136 |Warning |    1 |Not obtained requested number of super thread        |
|        |        |      | servers.                                            |
|        |        |      |The requested number of cpus are not available on    |
|        |        |      | machine.                                            |
--------------------------------------------------------------------------------
 
Global mapping target info
==========================
Cost Group 'clk' target slack:   -28 ps
Target path end-point (Pin: scan_pwm_counter_reg[5]/d)


State Retention Synthesis Status
================================

Category                        Flops   Percentage
--------------------------------------------------
Total instances                    23        100.0
Excluded from State Retention      23        100.0
    - Will not convert             23        100.0
      - Preserved                   0          0.0
      - Power intent excluded      23        100.0
    - Could not convert             0          0.0
      - Scan type                   0          0.0
      - No suitable cell            0          0.0
State Retention instances           0          0.0
--------------------------------------------------

PBS_Generic_Opt-Post - Elapsed_Time 6, CPU_Time 5.103464000000001
stamp 'PBS_Generic_Opt-Post' being created for table 'pbs_debug'

  Total Time (Wall) |  Stage Time (Wall)  |   % (Wall)   |    Date - Time     |  Memory   | Stage
--------------------+---------------------+--------------+--------------------+-----------+----------------------
 00:00:10(00:00:06) |  00:00:00(00:00:00) |   0.0(  0.0) |   13:54:18 (Aug25) |  418.0 MB | PBS_Generic-Start
--------------------+---------------------+--------------+--------------------+-----------+----------------------
 00:00:15(00:00:12) |  00:00:05(00:00:06) | 100.0(100.0) |   13:54:24 (Aug25) |  780.2 MB | PBS_Generic_Opt-Post
--------------------+---------------------+--------------+--------------------+-----------+----------------------
Number of threads: 8 * 1   (id: pbs_debug, time_info v1.57)
Info: (*N*) indicates data that was populated from previously saved time_info database
Info: CPU time includes time of parent + longest thread
PBS_Generic-Postgen HBO Optimizations - Elapsed_Time 0, CPU_Time 0.0
stamp 'PBS_Generic-Postgen HBO Optimizations' being created for table 'pbs_debug'

  Total Time (Wall) |  Stage Time (Wall)  |   % (Wall)   |    Date - Time     |  Memory   | Stage
--------------------+---------------------+--------------+--------------------+-----------+----------------------
 00:00:10(00:00:06) |  00:00:00(00:00:00) |   0.0(  0.0) |   13:54:18 (Aug25) |  418.0 MB | PBS_Generic-Start
--------------------+---------------------+--------------+--------------------+-----------+----------------------
 00:00:15(00:00:12) |  00:00:05(00:00:06) | 100.0(100.0) |   13:54:24 (Aug25) |  780.2 MB | PBS_Generic_Opt-Post
--------------------+---------------------+--------------+--------------------+-----------+----------------------
 00:00:15(00:00:12) |  00:00:00(00:00:00) |   0.0(  0.0) |   13:54:24 (Aug25) |  780.2 MB | PBS_Generic-Postgen HBO Optimizations
--------------------+---------------------+--------------+--------------------+-----------+----------------------
Number of threads: 8 * 1   (id: pbs_debug, time_info v1.57)
Info: (*N*) indicates data that was populated from previously saved time_info database
Info: CPU time includes time of parent + longest thread
##>=================== Cadence Confidential (Generic-Logical) ===================
##>=================== Cadence Confidential (Generic-Logical) ===================
##>Main Thread Summary:
##>----------------------------------------------------------------------------------------
##>STEP                           Elapsed       WNS       TNS     Insts      Area    Memory
##>----------------------------------------------------------------------------------------
##>G:Initial                            0         -         -       438      1674       418
##>G:Setup                              0         -         -         -         -         -
##>G:Launch ST                          0         -         -         -         -         -
##>G:Design Partition                   0         -         -         -         -         -
##>G:Create Partition Netlists          0         -         -         -         -         -
##>G:Init Power                         0         -         -         -         -         -
##>G:Budgeting                          0         -         -         -         -         -
##>G:Derenv-DB                          0         -         -         -         -         -
##>G:Debug Outputs                      0         -         -         -         -         -
##>G:ST loading                         0         -         -         -         -         -
##>G:Distributed                        0         -         -         -         -         -
##>G:Timer                              0         -         -         -         -         -
##>G:Assembly                           0         -         -         -         -         -
##>G:DFT                                0         -         -         -         -         -
##>G:Const Prop                         0         -         -       457      1373       780
##>G:Misc                               6
##>----------------------------------------------------------------------------------------
##>Total Elapsed                        6
##>========================================================================================
Info    : Done synthesizing. [SYNTH-2]
        : Done synthesizing 'dut' to generic gates.
      flow.cputime  flow.realtime  timing.setup.tns  timing.setup.wns  snapshot
UM:*                                                                   syn_gen
@file(run.tcl) 6: gui_show
@file(run.tcl) 7: syn_map
##Generic Timing Info for library domain: _default_ typical gate delay: 127.6 ps std_slew: 17.9 ps std_load: 1.0 fF
Info    : Mapping. [SYNTH-4]
        : Mapping 'dut' using 'high' effort.
Mapper: Libraries have:
	domain _default_: 324 combo usable cells and 128 sequential usable cells
Configuring mapper costing (none)
TNS Restructuring config: no_value at stage: map applied.
PBS_TechMap-Start - Elapsed_Time 0, CPU_Time 0.0
stamp 'PBS_TechMap-Start' being created for table 'pbs_debug'

  Total Time (Wall) |  Stage Time (Wall)  |   % (Wall)   |    Date - Time     |  Memory   | Stage
--------------------+---------------------+--------------+--------------------+-----------+----------------------
 00:00:10(00:00:06) |  00:00:00(00:00:00) |   0.0(  0.0) |   13:54:18 (Aug25) |  418.0 MB | PBS_Generic-Start
--------------------+---------------------+--------------+--------------------+-----------+----------------------
 00:00:15(00:00:12) |  00:00:05(00:00:06) | 100.0( 85.7) |   13:54:24 (Aug25) |  780.2 MB | PBS_Generic_Opt-Post
--------------------+---------------------+--------------+--------------------+-----------+----------------------
 00:00:15(00:00:12) |  00:00:00(00:00:00) |   0.0(  0.0) |   13:54:24 (Aug25) |  780.2 MB | PBS_Generic-Postgen HBO Optimizations
--------------------+---------------------+--------------+--------------------+-----------+----------------------
 00:00:15(00:00:13) |  00:00:00(00:00:01) |   0.0( 14.3) |   13:54:25 (Aug25) |  780.2 MB | PBS_TechMap-Start
--------------------+---------------------+--------------+--------------------+-----------+----------------------
Number of threads: 8 * 1   (id: pbs_debug, time_info v1.57)
Info: (*N*) indicates data that was populated from previously saved time_info database
Info: CPU time includes time of parent + longest thread
PBS_TechMap-Premap HBO Optimizations - Elapsed_Time 0, CPU_Time 0.0
stamp 'PBS_TechMap-Premap HBO Optimizations' being created for table 'pbs_debug'

  Total Time (Wall) |  Stage Time (Wall)  |   % (Wall)   |    Date - Time     |  Memory   | Stage
--------------------+---------------------+--------------+--------------------+-----------+----------------------
 00:00:10(00:00:06) |  00:00:00(00:00:00) |   0.0(  0.0) |   13:54:18 (Aug25) |  418.0 MB | PBS_Generic-Start
--------------------+---------------------+--------------+--------------------+-----------+----------------------
 00:00:15(00:00:12) |  00:00:05(00:00:06) | 100.0( 85.7) |   13:54:24 (Aug25) |  780.2 MB | PBS_Generic_Opt-Post
--------------------+---------------------+--------------+--------------------+-----------+----------------------
 00:00:15(00:00:12) |  00:00:00(00:00:00) |   0.0(  0.0) |   13:54:24 (Aug25) |  780.2 MB | PBS_Generic-Postgen HBO Optimizations
--------------------+---------------------+--------------+--------------------+-----------+----------------------
 00:00:15(00:00:13) |  00:00:00(00:00:01) |   0.0( 14.3) |   13:54:25 (Aug25) |  780.2 MB | PBS_TechMap-Start
--------------------+---------------------+--------------+--------------------+-----------+----------------------
 00:00:15(00:00:13) |  00:00:00(00:00:00) |   0.0(  0.0) |   13:54:25 (Aug25) |  780.2 MB | PBS_TechMap-Premap HBO Optimizations
--------------------+---------------------+--------------+--------------------+-----------+----------------------
Number of threads: 8 * 1   (id: pbs_debug, time_info v1.57)
Info: (*N*) indicates data that was populated from previously saved time_info database
Info: CPU time includes time of parent + longest thread
Info    : Partition Based Synthesis execution skipped. [PHYS-752]
        : Design size is less than the partition size '100000' for distributed mapping optimization to kick in.
Mapper: Libraries have:
	domain _default_: 324 combo usable cells and 128 sequential usable cells
Warning : Not obtained requested number of super thread servers. [ST-136]
        : The tool is running on a 4 cpu machine.
Multi-threaded Virtual Mapping    (4 threads per ST process, 4 of 4 CPUs usable)
 
Global mapping target info
==========================
Cost Group 'clk' target slack:   -47 ps
Target path end-point (Pin: refresh_counter_reg[11]/d)

Multi-threaded Virtual Mapping    (4 threads per ST process, 4 of 4 CPUs usable)
Multi-threaded Technology Mapping (4 threads per ST process, 4 of 4 CPUs usable)
 
Global mapping status
=====================
                                   Group   
                                  Tot Wrst 
                           Total  Weighted 
Operation                   Area   Slacks  
 global_map                  588     -138 
            Worst cost_group: clk, WNS: -138.8
            Path: refresh_counter_reg[5]/CK --> scan_pwm_counter_reg[2]/D

    Cost Group            Target    Slack    Diff.  Constr.
-----------------------------------------------------------
           clk               -47     -139      -9%     1000 

 
Global incremental target info
==============================
Cost Group 'clk' target slack:  -139 ps
Target path end-point (Pin: scan_pwm_counter_reg[2]/D (DFFRHQX1/D))

==================================
Stage : global_incr_map 
==================================
  =================
   Message Summary
  =================
--------------------------------------------------------------------------------
|    Id    |  Sev   |Count |                   Message Text                    |
--------------------------------------------------------------------------------
| PHYS-752 |Info    |    1 |Partition Based Synthesis execution skipped.       |
| ST-136   |Warning |    1 |Not obtained requested number of super thread      |
|          |        |      | servers.                                          |
|          |        |      |The requested number of cpus are not available on  |
|          |        |      | machine.                                          |
| SYNTH-2  |Info    |    1 |Done synthesizing.                                 |
| SYNTH-4  |Info    |    1 |Mapping.                                           |
--------------------------------------------------------------------------------
 
Global incremental optimization status
======================================
                                   Group   
                                  Tot Wrst 
                           Total  Weighted 
Operation                   Area   Slacks  
 global_incr                 561     -139 
            Worst cost_group: clk, WNS: -139.5
            Path: refresh_counter_reg[5]/CK --> scan_pwm_counter_reg[2]/D

    Cost Group            Target    Slack    Diff.  Constr.
-----------------------------------------------------------
           clk              -139     -140      +0%     1000 


State Retention Synthesis Status
================================

Category                        Flops   Percentage
--------------------------------------------------
Total instances                    23        100.0
Excluded from State Retention      23        100.0
    - Will not convert             23        100.0
      - Preserved                   0          0.0
      - Power intent excluded      23        100.0
    - Could not convert             0          0.0
      - Scan type                   0          0.0
      - No suitable cell            0          0.0
State Retention instances           0          0.0
--------------------------------------------------

INFO: skipping constant propagation
PBS_Techmap-Global Mapping - Elapsed_Time 3, CPU_Time 2.9281749999999978
stamp 'PBS_Techmap-Global Mapping' being created for table 'pbs_debug'

  Total Time (Wall) |  Stage Time (Wall)  |   % (Wall)   |    Date - Time     |  Memory   | Stage
--------------------+---------------------+--------------+--------------------+-----------+----------------------
 00:00:10(00:00:06) |  00:00:00(00:00:00) |   0.0(  0.0) |   13:54:18 (Aug25) |  418.0 MB | PBS_Generic-Start
--------------------+---------------------+--------------+--------------------+-----------+----------------------
 00:00:15(00:00:12) |  00:00:05(00:00:06) |  63.5( 60.0) |   13:54:24 (Aug25) |  780.2 MB | PBS_Generic_Opt-Post
--------------------+---------------------+--------------+--------------------+-----------+----------------------
 00:00:15(00:00:12) |  00:00:00(00:00:00) |   0.0(  0.0) |   13:54:24 (Aug25) |  780.2 MB | PBS_Generic-Postgen HBO Optimizations
--------------------+---------------------+--------------+--------------------+-----------+----------------------
 00:00:15(00:00:13) |  00:00:00(00:00:01) |   0.0( 10.0) |   13:54:25 (Aug25) |  780.2 MB | PBS_TechMap-Start
--------------------+---------------------+--------------+--------------------+-----------+----------------------
 00:00:15(00:00:13) |  00:00:00(00:00:00) |   0.0(  0.0) |   13:54:25 (Aug25) |  780.2 MB | PBS_TechMap-Premap HBO Optimizations
--------------------+---------------------+--------------+--------------------+-----------+----------------------
 00:00:18(00:00:16) |  00:00:02(00:00:03) |  36.5( 30.0) |   13:54:28 (Aug25) |  780.2 MB | PBS_Techmap-Global Mapping
--------------------+---------------------+--------------+--------------------+-----------+----------------------
Number of threads: 8 * 1   (id: pbs_debug, time_info v1.57)
Info: (*N*) indicates data that was populated from previously saved time_info database
Info: CPU time includes time of parent + longest thread
Warning : Command 'commit_power_intent' cannot proceed as there is no power intent loaded. [CPI-506]
        : Command 'commit_power_intent' requires a valid power_intent to be loaded.
Info    : Wrote formal verification information. [CFM-5]
        : Wrote 'fv/dut/fv_map.fv.json' for netlist 'fv/dut/fv_map.v.gz'.
Info    : Wrote dofile. [CFM-1]
        : Dofile is 'fv/dut/rtl_to_fv_map.do'.
        : Alias mapping flow is enabled.
PBS_TechMap-Datapath Postmap Operations - Elapsed_Time 1, CPU_Time 1.0
stamp 'PBS_TechMap-Datapath Postmap Operations' being created for table 'pbs_debug'

  Total Time (Wall) |  Stage Time (Wall)  |   % (Wall)   |    Date - Time     |  Memory   | Stage
--------------------+---------------------+--------------+--------------------+-----------+----------------------
 00:00:10(00:00:06) |  00:00:00(00:00:00) |   0.0(  0.0) |   13:54:18 (Aug25) |  418.0 MB | PBS_Generic-Start
--------------------+---------------------+--------------+--------------------+-----------+----------------------
 00:00:15(00:00:12) |  00:00:05(00:00:06) |  56.5( 54.5) |   13:54:24 (Aug25) |  780.2 MB | PBS_Generic_Opt-Post
--------------------+---------------------+--------------+--------------------+-----------+----------------------
 00:00:15(00:00:12) |  00:00:00(00:00:00) |   0.0(  0.0) |   13:54:24 (Aug25) |  780.2 MB | PBS_Generic-Postgen HBO Optimizations
--------------------+---------------------+--------------+--------------------+-----------+----------------------
 00:00:15(00:00:13) |  00:00:00(00:00:01) |   0.0(  9.1) |   13:54:25 (Aug25) |  780.2 MB | PBS_TechMap-Start
--------------------+---------------------+--------------+--------------------+-----------+----------------------
 00:00:15(00:00:13) |  00:00:00(00:00:00) |   0.0(  0.0) |   13:54:25 (Aug25) |  780.2 MB | PBS_TechMap-Premap HBO Optimizations
--------------------+---------------------+--------------+--------------------+-----------+----------------------
 00:00:18(00:00:16) |  00:00:02(00:00:03) |  32.4( 27.3) |   13:54:28 (Aug25) |  780.2 MB | PBS_Techmap-Global Mapping
--------------------+---------------------+--------------+--------------------+-----------+----------------------
 00:00:19(00:00:17) |  00:00:01(00:00:01) |  11.1(  9.1) |   13:54:29 (Aug25) |  775.4 MB | PBS_TechMap-Datapath Postmap Operations
--------------------+---------------------+--------------+--------------------+-----------+----------------------
Number of threads: 8 * 1   (id: pbs_debug, time_info v1.57)
Info: (*N*) indicates data that was populated from previously saved time_info database
Info: CPU time includes time of parent + longest thread
PBS_TechMap-Postmap HBO Optimizations - Elapsed_Time 0, CPU_Time -0.0006379999999985841
stamp 'PBS_TechMap-Postmap HBO Optimizations' being created for table 'pbs_debug'

  Total Time (Wall) |  Stage Time (Wall)  |   % (Wall)   |    Date - Time     |  Memory   | Stage
--------------------+---------------------+--------------+--------------------+-----------+----------------------
 00:00:10(00:00:06) |  00:00:00(00:00:00) |   0.0(  0.0) |   13:54:18 (Aug25) |  418.0 MB | PBS_Generic-Start
--------------------+---------------------+--------------+--------------------+-----------+----------------------
 00:00:15(00:00:12) |  00:00:05(00:00:06) |  56.5( 54.5) |   13:54:24 (Aug25) |  780.2 MB | PBS_Generic_Opt-Post
--------------------+---------------------+--------------+--------------------+-----------+----------------------
 00:00:15(00:00:12) |  00:00:00(00:00:00) |   0.0(  0.0) |   13:54:24 (Aug25) |  780.2 MB | PBS_Generic-Postgen HBO Optimizations
--------------------+---------------------+--------------+--------------------+-----------+----------------------
 00:00:15(00:00:13) |  00:00:00(00:00:01) |   0.0(  9.1) |   13:54:25 (Aug25) |  780.2 MB | PBS_TechMap-Start
--------------------+---------------------+--------------+--------------------+-----------+----------------------
 00:00:15(00:00:13) |  00:00:00(00:00:00) |   0.0(  0.0) |   13:54:25 (Aug25) |  780.2 MB | PBS_TechMap-Premap HBO Optimizations
--------------------+---------------------+--------------+--------------------+-----------+----------------------
 00:00:18(00:00:16) |  00:00:02(00:00:03) |  32.4( 27.3) |   13:54:28 (Aug25) |  780.2 MB | PBS_Techmap-Global Mapping
--------------------+---------------------+--------------+--------------------+-----------+----------------------
 00:00:19(00:00:17) |  00:00:01(00:00:01) |  11.1(  9.1) |   13:54:29 (Aug25) |  775.4 MB | PBS_TechMap-Datapath Postmap Operations
--------------------+---------------------+--------------+--------------------+-----------+----------------------
 00:00:19(00:00:17) |  00:00:00(00:00:00) |  -0.0(  0.0) |   13:54:29 (Aug25) |  775.4 MB | PBS_TechMap-Postmap HBO Optimizations
--------------------+---------------------+--------------+--------------------+-----------+----------------------
Number of threads: 8 * 1   (id: pbs_debug, time_info v1.57)
Info: (*N*) indicates data that was populated from previously saved time_info database
Info: CPU time includes time of parent + longest thread
 Doing ConstProp on design:dut ... 

Time taken by ConstProp Step: 00:00:00
PBS_TechMap-Postmap Clock Gating - Elapsed_Time 0, CPU_Time 0.0
stamp 'PBS_TechMap-Postmap Clock Gating' being created for table 'pbs_debug'

  Total Time (Wall) |  Stage Time (Wall)  |   % (Wall)   |    Date - Time     |  Memory   | Stage
--------------------+---------------------+--------------+--------------------+-----------+----------------------
 00:00:10(00:00:06) |  00:00:00(00:00:00) |   0.0(  0.0) |   13:54:18 (Aug25) |  418.0 MB | PBS_Generic-Start
--------------------+---------------------+--------------+--------------------+-----------+----------------------
 00:00:15(00:00:12) |  00:00:05(00:00:06) |  56.5( 54.5) |   13:54:24 (Aug25) |  780.2 MB | PBS_Generic_Opt-Post
--------------------+---------------------+--------------+--------------------+-----------+----------------------
 00:00:15(00:00:12) |  00:00:00(00:00:00) |   0.0(  0.0) |   13:54:24 (Aug25) |  780.2 MB | PBS_Generic-Postgen HBO Optimizations
--------------------+---------------------+--------------+--------------------+-----------+----------------------
 00:00:15(00:00:13) |  00:00:00(00:00:01) |   0.0(  9.1) |   13:54:25 (Aug25) |  780.2 MB | PBS_TechMap-Start
--------------------+---------------------+--------------+--------------------+-----------+----------------------
 00:00:15(00:00:13) |  00:00:00(00:00:00) |   0.0(  0.0) |   13:54:25 (Aug25) |  780.2 MB | PBS_TechMap-Premap HBO Optimizations
--------------------+---------------------+--------------+--------------------+-----------+----------------------
 00:00:18(00:00:16) |  00:00:02(00:00:03) |  32.4( 27.3) |   13:54:28 (Aug25) |  780.2 MB | PBS_Techmap-Global Mapping
--------------------+---------------------+--------------+--------------------+-----------+----------------------
 00:00:19(00:00:17) |  00:00:01(00:00:01) |  11.1(  9.1) |   13:54:29 (Aug25) |  775.4 MB | PBS_TechMap-Datapath Postmap Operations
--------------------+---------------------+--------------+--------------------+-----------+----------------------
 00:00:19(00:00:17) |  00:00:00(00:00:00) |  -0.0(  0.0) |   13:54:29 (Aug25) |  775.4 MB | PBS_TechMap-Postmap HBO Optimizations
--------------------+---------------------+--------------+--------------------+-----------+----------------------
 00:00:19(00:00:17) |  00:00:00(00:00:00) |   0.0(  0.0) |   13:54:29 (Aug25) |  775.4 MB | PBS_TechMap-Postmap Clock Gating
--------------------+---------------------+--------------+--------------------+-----------+----------------------
Number of threads: 8 * 1   (id: pbs_debug, time_info v1.57)
Info: (*N*) indicates data that was populated from previously saved time_info database
Info: CPU time includes time of parent + longest thread
-------------------------------------------------------------------------------
 hi_fo_buf                   561     -139     -1318         0        0
            Worst cost_group: clk, WNS: -139.5
            Path: refresh_counter_reg[5]/CK --> scan_pwm_counter_reg[2]/D

           Trick     Calls     Accepts   Attempts    Time(secs) 
-----------------------------------------------------------
       hi_fo_buf         0  (        0 /        0 )  0.00

 
Incremental optimization status
===============================
                                   Group   
                                  Tot Wrst     Total - - DRC Totals - -
                           Total  Weighted      Neg      Max       Max 
Operation                   Area   Slacks      Slack    Trans      Cap 
 init_delay                  561     -139     -1318         0        0
            Worst cost_group: clk, WNS: -139.5
            Path: refresh_counter_reg[5]/CK --> scan_pwm_counter_reg[2]/D
 incr_delay                  591      -71      -693         0        0
            Worst cost_group: clk, WNS: -71.2
            Path: refresh_counter_reg[1]/CK --> refresh_counter_reg[11]/D
 incr_delay                  595      -67      -618         0        0
            Worst cost_group: clk, WNS: -67.4
            Path: refresh_counter_reg[14]/CK --> scan_pwm_counter_reg[2]/D

           Trick     Calls     Accepts   Attempts    Time(secs) 
-----------------------------------------------------------
       crit_upsz        82  (       24 /       24 )  0.11
    plc_bal_star         0  (        0 /        0 )  0.00
     drc_buftimb         0  (        0 /        0 )  0.00
          plc_st        30  (        0 /        0 )  0.00
    plc_st_fence        30  (        0 /        0 )  0.00
        plc_star        30  (        0 /        0 )  0.00
      plc_laf_st        30  (        0 /        0 )  0.00
 plc_laf_st_fence        30  (        0 /        0 )  0.00
     drc_buftims         0  (        0 /        0 )  0.00
            fopt        57  (       10 /       10 )  0.07
   plc_laf_lo_st        30  (        0 /        0 )  0.00
       plc_lo_st        30  (        0 /        0 )  0.00
        mb_split        30  (        0 /        0 )  0.00

 
Local TNS optimization status
=============================
                                   Group   
                                  Tot Wrst     Total - - DRC Totals - -
                           Total  Weighted      Neg      Max       Max 
Operation                   Area   Slacks      Slack    Trans      Cap 
 init_tns                    595      -67      -618         0        0
            Worst cost_group: clk, WNS: -67.4
            Path: refresh_counter_reg[14]/CK --> scan_pwm_counter_reg[2]/D
 incr_tns                    600      -59      -304         0        0
            Worst cost_group: clk, WNS: -59.1
            Path: refresh_counter_reg[5]/CK --> scan_pwm_counter_reg[2]/D
 incr_tns                    600      -59      -304         0        0
            Worst cost_group: clk, WNS: -59.1
            Path: refresh_counter_reg[5]/CK --> scan_pwm_counter_reg[2]/D

           Trick     Calls     Accepts   Attempts    Time(secs) 
-----------------------------------------------------------
    plc_bal_star         0  (        0 /        0 )  0.00
     drc_buftimb         0  (        0 /        0 )  0.00
     drc_buftims         0  (        0 /        0 )  0.00
       crit_upsz        98  (       16 /       16 )  0.11
   plc_laf_lo_st        82  (        0 /        0 )  0.00
       plc_lo_st        82  (        0 /        0 )  0.00
            fopt        82  (        0 /        0 )  0.00
       crit_dnsz       132  (       22 /       23 )  0.13
             dup        60  (        0 /        0 )  0.00
        setup_dn        60  (        0 /        0 )  0.00
        mb_split        60  (        0 /        0 )  0.00

PBS_TechMap-Postmap Cleanup - Elapsed_Time 0, CPU_Time 0.9964300000000001
stamp 'PBS_TechMap-Postmap Cleanup' being created for table 'pbs_debug'

  Total Time (Wall) |  Stage Time (Wall)  |   % (Wall)   |    Date - Time     |  Memory   | Stage
--------------------+---------------------+--------------+--------------------+-----------+----------------------
 00:00:10(00:00:06) |  00:00:00(00:00:00) |   0.0(  0.0) |   13:54:18 (Aug25) |  418.0 MB | PBS_Generic-Start
--------------------+---------------------+--------------+--------------------+-----------+----------------------
 00:00:15(00:00:12) |  00:00:05(00:00:06) |  50.9( 54.5) |   13:54:24 (Aug25) |  780.2 MB | PBS_Generic_Opt-Post
--------------------+---------------------+--------------+--------------------+-----------+----------------------
 00:00:15(00:00:12) |  00:00:00(00:00:00) |   0.0(  0.0) |   13:54:24 (Aug25) |  780.2 MB | PBS_Generic-Postgen HBO Optimizations
--------------------+---------------------+--------------+--------------------+-----------+----------------------
 00:00:15(00:00:13) |  00:00:00(00:00:01) |   0.0(  9.1) |   13:54:25 (Aug25) |  780.2 MB | PBS_TechMap-Start
--------------------+---------------------+--------------+--------------------+-----------+----------------------
 00:00:15(00:00:13) |  00:00:00(00:00:00) |   0.0(  0.0) |   13:54:25 (Aug25) |  780.2 MB | PBS_TechMap-Premap HBO Optimizations
--------------------+---------------------+--------------+--------------------+-----------+----------------------
 00:00:18(00:00:16) |  00:00:02(00:00:03) |  29.2( 27.3) |   13:54:28 (Aug25) |  780.2 MB | PBS_Techmap-Global Mapping
--------------------+---------------------+--------------+--------------------+-----------+----------------------
 00:00:19(00:00:17) |  00:00:01(00:00:01) |  10.0(  9.1) |   13:54:29 (Aug25) |  775.4 MB | PBS_TechMap-Datapath Postmap Operations
--------------------+---------------------+--------------+--------------------+-----------+----------------------
 00:00:19(00:00:17) |  00:00:00(00:00:00) |  -0.0(  0.0) |   13:54:29 (Aug25) |  775.4 MB | PBS_TechMap-Postmap HBO Optimizations
--------------------+---------------------+--------------+--------------------+-----------+----------------------
 00:00:19(00:00:17) |  00:00:00(00:00:00) |   0.0(  0.0) |   13:54:29 (Aug25) |  775.4 MB | PBS_TechMap-Postmap Clock Gating
--------------------+---------------------+--------------+--------------------+-----------+----------------------
 00:00:20(00:00:17) |  00:00:00(00:00:00) |   9.9(  0.0) |   13:54:29 (Aug25) |  775.4 MB | PBS_TechMap-Postmap Cleanup
--------------------+---------------------+--------------+--------------------+-----------+----------------------
Number of threads: 8 * 1   (id: pbs_debug, time_info v1.57)
Info: (*N*) indicates data that was populated from previously saved time_info database
Info: CPU time includes time of parent + longest thread
PBS_Techmap-Post_MBCI - Elapsed_Time 0, CPU_Time 0.0
stamp 'PBS_Techmap-Post_MBCI' being created for table 'pbs_debug'

  Total Time (Wall) |  Stage Time (Wall)  |   % (Wall)   |    Date - Time     |  Memory   | Stage
--------------------+---------------------+--------------+--------------------+-----------+----------------------
 00:00:10(00:00:06) |  00:00:00(00:00:00) |   0.0(  0.0) |   13:54:18 (Aug25) |  418.0 MB | PBS_Generic-Start
--------------------+---------------------+--------------+--------------------+-----------+----------------------
 00:00:15(00:00:12) |  00:00:05(00:00:06) |  50.9( 54.5) |   13:54:24 (Aug25) |  780.2 MB | PBS_Generic_Opt-Post
--------------------+---------------------+--------------+--------------------+-----------+----------------------
 00:00:15(00:00:12) |  00:00:00(00:00:00) |   0.0(  0.0) |   13:54:24 (Aug25) |  780.2 MB | PBS_Generic-Postgen HBO Optimizations
--------------------+---------------------+--------------+--------------------+-----------+----------------------
 00:00:15(00:00:13) |  00:00:00(00:00:01) |   0.0(  9.1) |   13:54:25 (Aug25) |  780.2 MB | PBS_TechMap-Start
--------------------+---------------------+--------------+--------------------+-----------+----------------------
 00:00:15(00:00:13) |  00:00:00(00:00:00) |   0.0(  0.0) |   13:54:25 (Aug25) |  780.2 MB | PBS_TechMap-Premap HBO Optimizations
--------------------+---------------------+--------------+--------------------+-----------+----------------------
 00:00:18(00:00:16) |  00:00:02(00:00:03) |  29.2( 27.3) |   13:54:28 (Aug25) |  780.2 MB | PBS_Techmap-Global Mapping
--------------------+---------------------+--------------+--------------------+-----------+----------------------
 00:00:19(00:00:17) |  00:00:01(00:00:01) |  10.0(  9.1) |   13:54:29 (Aug25) |  775.4 MB | PBS_TechMap-Datapath Postmap Operations
--------------------+---------------------+--------------+--------------------+-----------+----------------------
 00:00:19(00:00:17) |  00:00:00(00:00:00) |  -0.0(  0.0) |   13:54:29 (Aug25) |  775.4 MB | PBS_TechMap-Postmap HBO Optimizations
--------------------+---------------------+--------------+--------------------+-----------+----------------------
 00:00:19(00:00:17) |  00:00:00(00:00:00) |   0.0(  0.0) |   13:54:29 (Aug25) |  775.4 MB | PBS_TechMap-Postmap Clock Gating
--------------------+---------------------+--------------+--------------------+-----------+----------------------
 00:00:20(00:00:17) |  00:00:00(00:00:00) |   9.9(  0.0) |   13:54:29 (Aug25) |  775.4 MB | PBS_TechMap-Postmap Cleanup
--------------------+---------------------+--------------+--------------------+-----------+----------------------
 00:00:20(00:00:17) |  00:00:00(00:00:00) |   0.0(  0.0) |   13:54:29 (Aug25) |  775.4 MB | PBS_Techmap-Post_MBCI
--------------------+---------------------+--------------+--------------------+-----------+----------------------
Number of threads: 8 * 1   (id: pbs_debug, time_info v1.57)
Info: (*N*) indicates data that was populated from previously saved time_info database
Info: CPU time includes time of parent + longest thread
##>=================== Cadence Confidential (Mapping-Logical) ===================
##>Main Thread Summary:
##>----------------------------------------------------------------------------------------
##>STEP                           Elapsed       WNS       TNS     Insts      Area    Memory
##>----------------------------------------------------------------------------------------
##>M:Initial                            0         -         -       457      1373       780
##>M:Pre Cleanup                        0         -         -       457      1373       780
##>M:Setup                              0         -         -         -         -         -
##>M:Launch ST                          0         -         -         -         -         -
##>M:Design Partition                   0         -         -         -         -         -
##>M:Create Partition Netlists          0         -         -         -         -         -
##>M:Init Power                         0         -         -         -         -         -
##>M:Budgeting                          0         -         -         -         -         -
##>M:Derenv-DB                          0         -         -         -         -         -
##>M:Debug Outputs                      0         -         -         -         -         -
##>M:ST loading                         0         -         -         -         -         -
##>M:Distributed                        0         -         -         -         -         -
##>M:Timer                              0         -         -         -         -         -
##>M:Assembly                           0         -         -         -         -         -
##>M:DFT                                0         -         -         -         -         -
##>M:DP Operations                      1         -         -       306       560       775
##>M:Const Prop                         0      -139      1318       306       560       775
##>M:Cleanup                            0       -59       304       318       599       775
##>M:MBCI                               0         -         -       318       599       775
##>M:Const Gate Removal                 0         -         -         -         -         -
##>M:Misc                               4
##>----------------------------------------------------------------------------------------
##>Total Elapsed                        5
##>========================================================================================
Info    : Done mapping. [SYNTH-5]
        : Done mapping 'dut'.
      flow.cputime  flow.realtime  timing.setup.tns  timing.setup.wns  snapshot
UM:*                                                                   syn_map
@file(run.tcl) 8: syn_opt
Info    : Incrementally optimizing. [SYNTH-7]
        : Incrementally optimizing 'dut' using 'high' effort.
 
Incremental optimization status
===============================
                                   Group   
                                  Tot Wrst     Total - - DRC Totals - -
                           Total  Weighted      Neg      Max       Max 
Operation                   Area   Slacks      Slack    Trans      Cap 
 init_iopt                   600      -59      -304         0        0
            Worst cost_group: clk, WNS: -59.1
            Path: refresh_counter_reg[5]/CK --> scan_pwm_counter_reg[2]/D
-------------------------------------------------------------------------------
 const_prop                  600      -59      -304         0        0
            Worst cost_group: clk, WNS: -59.1
            Path: refresh_counter_reg[5]/CK --> scan_pwm_counter_reg[2]/D
 simp_cc_inputs              597      -59      -295         0        0
            Worst cost_group: clk, WNS: -59.1
            Path: refresh_counter_reg[5]/CK --> scan_pwm_counter_reg[2]/D
-------------------------------------------------------------------------------
 hi_fo_buf                   597      -59      -295         0        0
            Worst cost_group: clk, WNS: -59.1
            Path: refresh_counter_reg[5]/CK --> scan_pwm_counter_reg[2]/D

           Trick     Calls     Accepts   Attempts    Time(secs) 
-----------------------------------------------------------
       hi_fo_buf         0  (        0 /        0 )  0.00

 
Incremental optimization status
===============================
                                   Group   
                                  Tot Wrst     Total - - DRC Totals - -
                           Total  Weighted      Neg      Max       Max 
Operation                   Area   Slacks      Slack    Trans      Cap 
 init_delay                  597      -59      -295         0        0
            Worst cost_group: clk, WNS: -59.1
            Path: refresh_counter_reg[5]/CK --> scan_pwm_counter_reg[2]/D
 incr_delay                  607      -47      -327         0        0
            Worst cost_group: clk, WNS: -47.3
            Path: refresh_counter_reg[8]/CK --> scan_pwm_counter_reg[0]/D
 incr_delay                  612      -40      -326         0        0
            Worst cost_group: clk, WNS: -40.1
            Path: refresh_counter_reg[14]/CK --> scan_pwm_counter_reg[2]/D
 incr_delay                  618      -37      -367         0        0
            Worst cost_group: clk, WNS: -37.9
            Path: refresh_counter_reg[14]/CK --> scan_pwm_counter_reg[2]/D

           Trick     Calls     Accepts   Attempts    Time(secs) 
-----------------------------------------------------------
        crit_msz        59  (       19 /       19 )  0.15
       crit_upsz        37  (        0 /        0 )  0.04
       crit_slew        37  (        0 /        0 )  0.03
        setup_dn        37  (        0 /        0 )  0.00
    plc_bal_star         0  (        0 /        0 )  0.00
     drc_buftimb         0  (        0 /        0 )  0.00
          plc_st        37  (        0 /        0 )  0.00
    plc_st_fence        37  (        0 /        0 )  0.00
        plc_star        37  (        0 /        0 )  0.00
      plc_laf_st        37  (        0 /        0 )  0.00
 plc_laf_st_fence        37  (        0 /        0 )  0.00
     drc_buftims         0  (        0 /        0 )  0.00
   plc_laf_lo_st        37  (        0 /        0 )  0.00
       plc_lo_st        37  (        0 /        0 )  0.00
            fopt        37  (        0 /        0 )  0.00
       crit_swap        37  (        0 /        0 )  0.01
       mux2_swap        37  (        0 /        0 )  0.01
       crit_dnsz        92  (        0 /        0 )  0.09
       load_swap        37  (        0 /        0 )  0.03
            fopt        37  (        0 /        1 )  0.05
        setup_dn        37  (        0 /        0 )  0.00
       load_isol        55  (        5 /        7 )  0.20
       load_isol        39  (        0 /        3 )  0.03
        move_for        45  (        1 /        2 )  0.03
        move_for        40  (        0 /        0 )  0.00
          rem_bi        40  (        0 /        0 )  0.00
         offload        40  (        0 /        0 )  0.00
          rem_bi        53  (        1 /        1 )  0.01
         offload        43  (        0 /        0 )  0.00
           phase        43  (        0 /        0 )  0.00
        in_phase        43  (        0 /        0 )  0.00
       merge_bit        45  (        3 /        3 )  0.01
     merge_idrvr        38  (        0 /        0 )  0.00
     merge_iload        38  (        0 /        0 )  0.00
    merge_idload        38  (        0 /        0 )  0.00
      merge_drvr        38  (        0 /        1 )  0.01
      merge_load        38  (        0 /        1 )  0.01
          decomp        40  (        1 /        1 )  0.07
        p_decomp        38  (        0 /        0 )  0.02
        levelize        38  (        0 /        0 )  0.00
        mb_split        38  (        0 /        0 )  0.00
             dup        38  (        0 /        0 )  0.04
      mux_retime        38  (        0 /        1 )  0.01
         buf2inv        38  (        0 /        0 )  0.00
             exp        15  (        1 /        6 )  0.01
       gate_deco        10  (        0 /        0 )  0.11
       gcomp_tim        85  (        3 /        3 )  0.27
  inv_pair_2_buf        37  (        0 /        0 )  0.00

 incr_delay                  617      -32      -278         0        0
            Worst cost_group: clk, WNS: -32.0
            Path: refresh_counter_reg[1]/CK --> refresh_counter_reg[11]/D
 incr_delay                  617      -28      -272         0        0
            Worst cost_group: clk, WNS: -28.5
            Path: refresh_counter_reg[12]/CK --> refresh_counter_reg[2]/D
 incr_delay                  617      -28      -309         0        0
            Worst cost_group: clk, WNS: -28.5
            Path: refresh_counter_reg[4]/CK --> refresh_counter_reg[2]/D
 incr_delay                  624      -14      -181         0        0
            Worst cost_group: clk, WNS: -14.2
            Path: refresh_counter_reg[6]/CK --> scan_pwm_counter_reg[1]/SE
 incr_delay                  626      -11      -167         0        0
            Worst cost_group: clk, WNS: -11.9
            Path: refresh_counter_reg[6]/CK --> scan_pwm_counter_reg[1]/SE
 incr_delay                  632      -10      -145         0        0
            Worst cost_group: clk, WNS: -10.7
            Path: refresh_counter_reg[1]/CK --> refresh_counter_reg[2]/D
 incr_delay                  643       -8      -137         0        0
            Worst cost_group: clk, WNS: -8.7
            Path: refresh_counter_reg[11]/CK --> refresh_counter_reg[8]/D
 incr_delay                  643       -7      -102         0        0
            Worst cost_group: clk, WNS: -7.8
            Path: refresh_counter_reg[1]/CK --> refresh_counter_reg[7]/D
 incr_delay                  642       -6       -96         0        0
            Worst cost_group: clk, WNS: -6.0
            Path: refresh_counter_reg[13]/CK --> scan_pwm_counter_reg[1]/SE
 incr_delay                  643       -6       -95         0        0
            Worst cost_group: clk, WNS: -6.0
            Path: refresh_counter_reg[1]/CK --> refresh_counter_reg[7]/D
 incr_delay                  641       -5       -82         0        0
            Worst cost_group: clk, WNS: -5.5
            Path: refresh_counter_reg[1]/CK --> refresh_counter_reg[13]/D
 incr_delay                  644       -5       -78         0        0
            Worst cost_group: clk, WNS: -5.1
            Path: refresh_counter_reg[15]/CK --> scan_pwm_counter_reg[1]/SE
 incr_delay                  645       -4       -71         0        0
            Worst cost_group: clk, WNS: -4.5
            Path: refresh_counter_reg[1]/CK --> refresh_counter_reg[0]/D
 incr_delay                  645       -4       -71         0        0
            Worst cost_group: clk, WNS: -4.5
            Path: refresh_counter_reg[1]/CK --> refresh_counter_reg[0]/D
 incr_delay                  646       -4       -68         0        0
            Worst cost_group: clk, WNS: -4.2
            Path: refresh_counter_reg[1]/CK --> refresh_counter_reg[0]/D
 incr_delay                  646       -4       -68         0        0
            Worst cost_group: clk, WNS: -4.2
            Path: refresh_counter_reg[1]/CK --> refresh_counter_reg[0]/D

           Trick     Calls     Accepts   Attempts    Time(secs) 
-----------------------------------------------------------
         crr_220        38  (        1 /       32 )  4.19
        crr_glob        62  (        1 /        1 )  0.09
         crr_200        46  (        3 /       38 )  0.74
        crr_glob        70  (        3 /        3 )  0.05
         crr_300        39  (        1 /       30 )  0.71
        crr_glob        62  (        1 /        1 )  0.04
         crr_400        33  (        0 /       25 )  0.73
        crr_glob        61  (        0 /        0 )  0.04
         crr_111        55  (        1 /       49 )  2.13
        crr_glob        61  (        1 /        1 )  0.08
         crr_210        41  (        1 /       34 )  1.38
        crr_glob        62  (        1 /        1 )  0.06
         crr_110        65  (       10 /       59 )  1.62
        crr_glob        80  (        9 /       10 )  0.10
         crr_101        55  (        2 /       44 )  1.09
        crr_glob        65  (        2 /        2 )  0.06
         crr_201        39  (        0 /       33 )  0.97
        crr_glob        59  (        0 /        0 )  0.05
         crr_211        47  (        3 /       41 )  3.60
        crr_glob        73  (        3 /        3 )  0.09
        crit_msz        93  (        2 /        2 )  0.23
       crit_upsz        90  (        0 /        0 )  0.09
       crit_slew        90  (        0 /        0 )  0.08
        setup_dn       180  (        0 /        0 )  0.00
    plc_bal_star         0  (        0 /        0 )  0.00
     drc_buftimb         0  (        0 /        0 )  0.00
          plc_st        90  (        0 /        0 )  0.00
    plc_st_fence        90  (        0 /        0 )  0.00
        plc_star        90  (        0 /        0 )  0.00
      plc_laf_st        90  (        0 /        0 )  0.00
 plc_laf_st_fence        90  (        0 /        0 )  0.00
     drc_buftims         0  (        0 /        0 )  0.00
       plc_lo_st        90  (        0 /        0 )  0.00
            fopt       180  (        0 /        0 )  0.05
       crit_swap        90  (        0 /        0 )  0.02
       mux2_swap        90  (        0 /        0 )  0.00
       crit_dnsz       149  (        0 /        0 )  0.14
       load_swap        90  (        0 /        0 )  0.07
            fopt       180  (        0 /        0 )  0.05
        setup_dn       180  (        0 /        0 )  0.00
       load_isol       194  (        3 /        3 )  0.53
       load_isol       194  (        3 /        3 )  0.53
        move_for       178  (        0 /        0 )  0.10
        move_for       178  (        0 /        0 )  0.10
          rem_bi       178  (        0 /        9 )  0.06
         offload       189  (        2 /        2 )  0.10
          rem_bi       178  (        0 /        9 )  0.06
         offload       189  (        2 /        2 )  0.10
       merge_bit        95  (        0 /        0 )  0.01
     merge_idrvr        88  (        0 /        0 )  0.00
     merge_iload        88  (        0 /        0 )  0.00
    merge_idload        88  (        0 /        1 )  0.01
      merge_drvr        88  (        0 /        1 )  0.01
      merge_load        88  (        0 /        1 )  0.01
           phase        88  (        0 /        0 )  0.00
          decomp       101  (        3 /        3 )  0.10
        p_decomp        88  (        0 /        0 )  0.03
        levelize        88  (        0 /        0 )  0.00
        mb_split        88  (        0 /        0 )  0.00
        in_phase        88  (        0 /        0 )  0.00
             dup        88  (        0 /        0 )  0.01
      mux_retime        88  (        0 /        2 )  0.01
         buf2inv        88  (        0 /        0 )  0.00
             exp        18  (        3 /       16 )  0.04
       gate_deco        30  (        0 /        0 )  0.34
       gcomp_tim       147  (        2 /        2 )  0.41
  inv_pair_2_buf        97  (        0 /        0 )  0.00
 init_drc                    646       -4       -68         0        0
            Worst cost_group: clk, WNS: -4.2
            Path: refresh_counter_reg[1]/CK --> refresh_counter_reg[0]/D

           Trick     Calls     Accepts   Attempts    Time(secs) 
-----------------------------------------------------------
          plc_st         0  (        0 /        0 )  0.00
        plc_star         0  (        0 /        0 )  0.00
        drc_bufs         0  (        0 /        0 )  0.00
        drc_fopt         0  (        0 /        0 )  0.00
        drc_bufb         0  (        0 /        0 )  0.00
      simple_buf         0  (        0 /        0 )  0.00
             dup         0  (        0 /        0 )  0.00
       crit_dnsz         0  (        0 /        0 )  0.00
       crit_upsz         0  (        0 /        0 )  0.00
       crit_slew         0  (        0 /        0 )  0.00


           Trick     Calls     Accepts   Attempts    Time(secs) 
-----------------------------------------------------------
          plc_st         0  (        0 /        0 )  0.00
        plc_star         0  (        0 /        0 )  0.00
      drc_buf_sp         0  (        0 /        0 )  0.00
        drc_bufs         0  (        0 /        0 )  0.00
        drc_fopt         0  (        0 /        0 )  0.00
        drc_bufb         0  (        0 /        0 )  0.00
      simple_buf         0  (        0 /        0 )  0.00
             dup         0  (        0 /        0 )  0.00
       crit_dnsz         0  (        0 /        0 )  0.00
       crit_upsz         0  (        0 /        0 )  0.00


           Trick     Calls     Accepts   Attempts    Time(secs) 
-----------------------------------------------------------
          plc_st         0  (        0 /        0 )  0.00
        plc_star         0  (        0 /        0 )  0.00
      drc_buf_sp         0  (        0 /        0 )  0.00
        drc_bufs         0  (        0 /        0 )  0.00
        drc_fopt         0  (        0 /        0 )  0.00
        drc_bufb         0  (        0 /        0 )  0.00
             dup         0  (        0 /        0 )  0.00
       crit_dnsz         0  (        0 /        0 )  0.00
       crit_upsz         0  (        0 /        0 )  0.00

 init_tns                    646       -4       -68         0        0
            Worst cost_group: clk, WNS: -4.2
            Path: refresh_counter_reg[1]/CK --> refresh_counter_reg[0]/D
 incr_tns                    648       -4       -52         0        0
            Worst cost_group: clk, WNS: -4.2
            Path: refresh_counter_reg[1]/CK --> refresh_counter_reg[0]/D

           Trick     Calls     Accepts   Attempts    Time(secs) 
-----------------------------------------------------------
            fopt        34  (        0 /        0 )  0.01
    plc_bal_star         0  (        0 /        0 )  0.00
     drc_buftimb         0  (        0 /        0 )  0.00
     drc_buftims         0  (        0 /        0 )  0.00
        crit_msz        34  (        4 /        4 )  0.09
       crit_upsz        30  (        2 /        2 )  0.03
   plc_laf_lo_st        28  (        0 /        0 )  0.00
       plc_lo_st        28  (        0 /        0 )  0.00
       crit_swap        28  (        0 /        0 )  0.00
       mux2_swap        28  (        0 /        0 )  0.01
       crit_dnsz        53  (        1 /        1 )  0.05
       load_swap        27  (        0 /        0 )  0.02
            fopt        27  (        1 /        1 )  0.02
        setup_dn        26  (        0 /        0 )  0.00
       load_isol        26  (        0 /        0 )  0.09
       load_isol        26  (        0 /        0 )  0.02
        move_for        26  (        0 /        0 )  0.01
        move_for        26  (        0 /        0 )  0.01
          rem_bi        26  (        0 /        0 )  0.00
         offload        26  (        0 /        0 )  0.00
          rem_bi        26  (        0 /        0 )  0.01
         offload        26  (        0 /        0 )  0.03
       merge_bit        27  (        0 /        0 )  0.00
     merge_idrvr        26  (        0 /        0 )  0.00
     merge_iload        26  (        0 /        0 )  0.00
    merge_idload        26  (        0 /        0 )  0.00
      merge_drvr        26  (        0 /        0 )  0.00
      merge_load        26  (        0 /        0 )  0.00
           phase        26  (        0 /        0 )  0.00
          decomp        26  (        1 /        1 )  0.04
        p_decomp        25  (        0 /        0 )  0.01
        levelize        25  (        0 /        0 )  0.00
        mb_split        25  (        0 /        0 )  0.00
             dup        25  (        0 /        0 )  0.00
      mux_retime        25  (        0 /        0 )  0.00
       crr_local        25  (        1 /        1 )  0.47
         buf2inv        24  (        0 /        0 )  0.00

 init_area                   648       -4       -52         0        0
            Worst cost_group: clk, WNS: -4.2
            Path: refresh_counter_reg[1]/CK --> refresh_counter_reg[0]/D
 rem_buf                     644       -4       -52         0        0
            Worst cost_group: clk, WNS: -4.2
            Path: refresh_counter_reg[1]/CK --> refresh_counter_reg[0]/D
 rem_inv                     644       -4       -52         0        0
            Worst cost_group: clk, WNS: -4.2
            Path: refresh_counter_reg[1]/CK --> refresh_counter_reg[0]/D
 merge_bi                    643       -4       -52         0        0
            Worst cost_group: clk, WNS: -4.2
            Path: refresh_counter_reg[1]/CK --> refresh_counter_reg[0]/D
 rem_inv_qb                  643       -4       -52         0        0
            Worst cost_group: clk, WNS: -4.2
            Path: refresh_counter_reg[1]/CK --> refresh_counter_reg[0]/D
 io_phase                    635       -4       -52         0        0
            Worst cost_group: clk, WNS: -4.2
            Path: refresh_counter_reg[1]/CK --> refresh_counter_reg[0]/D
 gate_comp                   635       -4       -52         0        0
            Worst cost_group: clk, WNS: -4.2
            Path: refresh_counter_reg[1]/CK --> refresh_counter_reg[0]/D
 glob_area                   623       -4       -45         0        0
            Worst cost_group: clk, WNS: -4.2
            Path: refresh_counter_reg[1]/CK --> refresh_counter_reg[0]/D
 area_down                   622       -4       -45         0        0
            Worst cost_group: clk, WNS: -4.2
            Path: refresh_counter_reg[1]/CK --> refresh_counter_reg[0]/D
 rem_inv                     622       -4       -45         0        0
            Worst cost_group: clk, WNS: -4.2
            Path: refresh_counter_reg[1]/CK --> refresh_counter_reg[0]/D

           Trick     Calls     Accepts   Attempts    Time(secs) 
-----------------------------------------------------------
           undup         2  (        0 /        0 )  0.01
         rem_buf        15  (        2 /        2 )  0.03
         rem_inv         6  (        1 /        1 )  0.01
        merge_bi         6  (        2 /        2 )  0.01
      rem_inv_qb         8  (        1 /        1 )  0.01
    seq_res_area         3  (        0 /        0 )  0.19
        io_phase        31  (       11 /       11 )  0.07
       gate_comp        71  (        2 /        2 )  0.21
       gcomp_mog         0  (        0 /        0 )  0.01
       glob_area        35  (       22 /       35 )  0.04
       area_down        22  (        2 /        2 )  0.05
      size_n_buf         0  (        0 /        0 )  0.00
  gate_deco_area         0  (        0 /        0 )  0.00
         rem_buf        13  (        0 /        0 )  0.02
         rem_inv         3  (        1 /        1 )  0.01
        merge_bi         2  (        0 /        0 )  0.00
      rem_inv_qb         5  (        0 /        0 )  0.01

 
Incremental optimization status
===============================
                                   Group   
                                  Tot Wrst     Total - - DRC Totals - -
                           Total  Weighted      Neg      Max       Max 
Operation                   Area   Slacks      Slack    Trans      Cap 
 init_delay                  622       -4       -45         0        0
            Worst cost_group: clk, WNS: -4.2
            Path: refresh_counter_reg[1]/CK --> refresh_counter_reg[0]/D
 incr_delay                  621       -2       -16         0        0
            Worst cost_group: clk, WNS: -2.0
            Path: refresh_counter_reg[10]/CK --> refresh_counter_reg[0]/D
 incr_delay                  621       -1       -11         0        0
            Worst cost_group: clk, WNS: -1.4
            Path: refresh_counter_reg[12]/CK --> refresh_counter_reg[0]/D
 incr_delay                  622        0         0         0        0

           Trick     Calls     Accepts   Attempts    Time(secs) 
-----------------------------------------------------------
         crr_220         7  (        0 /        6 )  0.78
        crr_glob        10  (        0 /        0 )  0.01
         crr_200         7  (        0 /        6 )  0.10
        crr_glob        10  (        0 /        0 )  0.01
         crr_300         7  (        0 /        6 )  0.12
        crr_glob        10  (        0 /        0 )  0.01
         crr_400         6  (        0 /        5 )  0.13
        crr_glob        10  (        0 /        0 )  0.01
         crr_111        20  (        3 /       19 )  0.76
        crr_glob        24  (        3 /        3 )  0.04
         crr_210         8  (        0 /        7 )  0.23
        crr_glob        12  (        0 /        0 )  0.01
         crr_110        12  (        1 /       11 )  0.24
        crr_glob        14  (        1 /        1 )  0.02
         crr_101        11  (        0 /        9 )  0.17
        crr_glob        12  (        0 /        0 )  0.01
         crr_201         8  (        0 /        7 )  0.18
        crr_glob        12  (        0 /        0 )  0.01
         crr_211         8  (        0 /        7 )  0.83
        crr_glob        12  (        0 /        0 )  0.01
        crit_msz        21  (        1 /        1 )  0.06
       crit_upsz        20  (        0 /        0 )  0.03
       crit_slew        20  (        0 /        0 )  0.02
        setup_dn        39  (        0 /        0 )  0.00
    plc_bal_star         0  (        0 /        0 )  0.00
     drc_buftimb         0  (        0 /        0 )  0.00
          plc_st        20  (        0 /        0 )  0.00
    plc_st_fence        20  (        0 /        0 )  0.00
        plc_star        20  (        0 /        0 )  0.00
      plc_laf_st        20  (        0 /        0 )  0.00
 plc_laf_st_fence        20  (        0 /        0 )  0.00
     drc_buftims         0  (        0 /        0 )  0.00
       plc_lo_st        20  (        0 /        0 )  0.00
            fopt        43  (        1 /        1 )  0.02
       crit_swap        20  (        0 /        0 )  0.01
       mux2_swap        20  (        0 /        0 )  0.00
       crit_dnsz        27  (        0 /        0 )  0.03
       load_swap        20  (        0 /        0 )  0.01
            fopt        43  (        1 /        1 )  0.02
        setup_dn        39  (        0 /        0 )  0.00
       load_isol        38  (        0 /        0 )  0.09
       load_isol        38  (        0 /        0 )  0.09
        move_for        38  (        0 /        0 )  0.02
        move_for        38  (        0 /        0 )  0.02
          rem_bi        38  (        0 /        2 )  0.01
         offload        38  (        0 /        0 )  0.03
          rem_bi        38  (        0 /        2 )  0.01
         offload        38  (        0 /        0 )  0.03
       merge_bit        20  (        0 /        0 )  0.00
     merge_idrvr        19  (        0 /        0 )  0.00
     merge_iload        19  (        0 /        0 )  0.00
    merge_idload        19  (        0 /        1 )  0.01
      merge_drvr        19  (        0 /        0 )  0.00
      merge_load        19  (        0 /        0 )  0.00
           phase        19  (        0 /        0 )  0.00
          decomp         2  (        1 /        1 )  0.01
        p_decomp         0  (        0 /        0 )  0.00
        levelize         0  (        0 /        0 )  0.00
        mb_split         0  (        0 /        0 )  0.00
        in_phase         0  (        0 /        0 )  0.00
             dup         0  (        0 /        0 )  0.00
      mux_retime         0  (        0 /        0 )  0.00
         buf2inv         0  (        0 /        0 )  0.00
             exp         0  (        0 /        0 )  0.00
       gate_deco         0  (        0 /        0 )  0.00
       gcomp_tim         0  (        0 /        0 )  0.00
  inv_pair_2_buf         0  (        0 /        0 )  0.00
 init_drc                    622        0         0         0        0

           Trick     Calls     Accepts   Attempts    Time(secs) 
-----------------------------------------------------------
          plc_st         0  (        0 /        0 )  0.00
        plc_star         0  (        0 /        0 )  0.00
        drc_bufs         0  (        0 /        0 )  0.00
        drc_fopt         0  (        0 /        0 )  0.00
        drc_bufb         0  (        0 /        0 )  0.00
      simple_buf         0  (        0 /        0 )  0.00
             dup         0  (        0 /        0 )  0.00
       crit_dnsz         0  (        0 /        0 )  0.00
       crit_upsz         0  (        0 /        0 )  0.00
       crit_slew         0  (        0 /        0 )  0.00


           Trick     Calls     Accepts   Attempts    Time(secs) 
-----------------------------------------------------------
          plc_st         0  (        0 /        0 )  0.00
        plc_star         0  (        0 /        0 )  0.00
        drc_bufs         0  (        0 /        0 )  0.00
        drc_fopt         0  (        0 /        0 )  0.00
        drc_bufb         0  (        0 /        0 )  0.00
      simple_buf         0  (        0 /        0 )  0.00
             dup         0  (        0 /        0 )  0.00
       crit_dnsz         0  (        0 /        0 )  0.00
       crit_upsz         0  (        0 /        0 )  0.00


           Trick     Calls     Accepts   Attempts    Time(secs) 
-----------------------------------------------------------
          plc_st         0  (        0 /        0 )  0.00
        plc_star         0  (        0 /        0 )  0.00
        drc_bufs         0  (        0 /        0 )  0.00
        drc_fopt         0  (        0 /        0 )  0.00
        drc_bufb         0  (        0 /        0 )  0.00
             dup         0  (        0 /        0 )  0.00
       crit_dnsz         0  (        0 /        0 )  0.00
       crit_upsz         0  (        0 /        0 )  0.00

 init_tns                    622        0         0         0        0

           Trick     Calls     Accepts   Attempts    Time(secs) 
-----------------------------------------------------------
            fopt         0  (        0 /        0 )  0.00
    plc_bal_star         0  (        0 /        0 )  0.00
     drc_buftimb         0  (        0 /        0 )  0.00
     drc_buftims         0  (        0 /        0 )  0.00
        crit_msz         0  (        0 /        0 )  0.00
       crit_upsz         0  (        0 /        0 )  0.00
   plc_laf_lo_st         0  (        0 /        0 )  0.00
       plc_lo_st         0  (        0 /        0 )  0.00
       crit_swap         0  (        0 /        0 )  0.00
       mux2_swap         0  (        0 /        0 )  0.00
       crit_dnsz         0  (        0 /        0 )  0.00
       load_swap         0  (        0 /        0 )  0.00
            fopt         0  (        0 /        0 )  0.00
        setup_dn         0  (        0 /        0 )  0.00
       load_isol         0  (        0 /        0 )  0.00
       load_isol         0  (        0 /        0 )  0.00
        move_for         0  (        0 /        0 )  0.00
        move_for         0  (        0 /        0 )  0.00
          rem_bi         0  (        0 /        0 )  0.00
         offload         0  (        0 /        0 )  0.00
          rem_bi         0  (        0 /        0 )  0.00
         offload         0  (        0 /        0 )  0.00
       merge_bit         0  (        0 /        0 )  0.00
     merge_idrvr         0  (        0 /        0 )  0.00
     merge_iload         0  (        0 /        0 )  0.00
    merge_idload         0  (        0 /        0 )  0.00
      merge_drvr         0  (        0 /        0 )  0.00
      merge_load         0  (        0 /        0 )  0.00
           phase         0  (        0 /        0 )  0.00
          decomp         0  (        0 /        0 )  0.00
        p_decomp         0  (        0 /        0 )  0.00
        levelize         0  (        0 /        0 )  0.00
        mb_split         0  (        0 /        0 )  0.00
             dup         0  (        0 /        0 )  0.00
      mux_retime         0  (        0 /        0 )  0.00
       crr_local         0  (        0 /        0 )  0.00
         buf2inv         0  (        0 /        0 )  0.00

 init_area                   622        0         0         0        0
 io_phase                    619        0         0         0        0
 gate_comp                   619        0         0         0        0
 glob_area                   613        0         0         0        0
 area_down                   613        0         0         0        0

           Trick     Calls     Accepts   Attempts    Time(secs) 
-----------------------------------------------------------
           undup         2  (        0 /        2 )  0.01
         rem_buf        12  (        0 /        0 )  0.02
         rem_inv         3  (        0 /        0 )  0.01
        merge_bi         2  (        0 /        0 )  0.00
      rem_inv_qb         5  (        0 /        0 )  0.01
        io_phase        21  (        5 /        5 )  0.05
       gate_comp        65  (        2 /        2 )  0.19
       gcomp_mog         0  (        0 /        0 )  0.01
       glob_area        31  (       14 /       31 )  0.04
       area_down        20  (        1 /        1 )  0.04
      size_n_buf         0  (        0 /        0 )  0.00
  gate_deco_area         0  (        0 /        0 )  0.00

 
Incremental optimization status
===============================
                                   Group   
                                  Tot Wrst     Total - - DRC Totals - -
                           Total  Weighted      Neg      Max       Max 
Operation                   Area   Slacks      Slack    Trans      Cap 
 init_delay                  613        0         0         0        0

           Trick     Calls     Accepts   Attempts    Time(secs) 
-----------------------------------------------------------
        crit_msz         0  (        0 /        0 )  0.00
       crit_upsz         0  (        0 /        0 )  0.00
       crit_slew         0  (        0 /        0 )  0.00
        setup_dn         0  (        0 /        0 )  0.00
    plc_bal_star         0  (        0 /        0 )  0.00
     drc_buftimb         0  (        0 /        0 )  0.00
          plc_st         0  (        0 /        0 )  0.00
    plc_st_fence         0  (        0 /        0 )  0.00
        plc_star         0  (        0 /        0 )  0.00
      plc_laf_st         0  (        0 /        0 )  0.00
 plc_laf_st_fence         0  (        0 /        0 )  0.00
     drc_buftims         0  (        0 /        0 )  0.00
   plc_laf_lo_st         0  (        0 /        0 )  0.00
       plc_lo_st         0  (        0 /        0 )  0.00
            fopt         0  (        0 /        0 )  0.00
       crit_swap         0  (        0 /        0 )  0.00
       mux2_swap         0  (        0 /        0 )  0.00
       crit_dnsz         0  (        0 /        0 )  0.00
       load_swap         0  (        0 /        0 )  0.00
            fopt         0  (        0 /        0 )  0.00
        setup_dn         0  (        0 /        0 )  0.00
       load_isol         0  (        0 /        0 )  0.00
       load_isol         0  (        0 /        0 )  0.00
        move_for         0  (        0 /        0 )  0.00
        move_for         0  (        0 /        0 )  0.00
          rem_bi         0  (        0 /        0 )  0.00
         offload         0  (        0 /        0 )  0.00
          rem_bi         0  (        0 /        0 )  0.00
         offload         0  (        0 /        0 )  0.00
           phase         0  (        0 /        0 )  0.00
        in_phase         0  (        0 /        0 )  0.00
       merge_bit         0  (        0 /        0 )  0.00
     merge_idrvr         0  (        0 /        0 )  0.00
     merge_iload         0  (        0 /        0 )  0.00
    merge_idload         0  (        0 /        0 )  0.00
      merge_drvr         0  (        0 /        0 )  0.00
      merge_load         0  (        0 /        0 )  0.00
          decomp         0  (        0 /        0 )  0.00
        p_decomp         0  (        0 /        0 )  0.00
        levelize         0  (        0 /        0 )  0.00
        mb_split         0  (        0 /        0 )  0.00
             dup         0  (        0 /        0 )  0.00
      mux_retime         0  (        0 /        0 )  0.00
         buf2inv         0  (        0 /        0 )  0.00
             exp         0  (        0 /        0 )  0.00
       gate_deco         0  (        0 /        0 )  0.00
       gcomp_tim         0  (        0 /        0 )  0.00
  inv_pair_2_buf         0  (        0 /        0 )  0.00

 init_drc                    613        0         0         0        0

           Trick     Calls     Accepts   Attempts    Time(secs) 
-----------------------------------------------------------
          plc_st         0  (        0 /        0 )  0.00
        plc_star         0  (        0 /        0 )  0.00
        drc_bufs         0  (        0 /        0 )  0.00
        drc_fopt         0  (        0 /        0 )  0.00
        drc_bufb         0  (        0 /        0 )  0.00
      simple_buf         0  (        0 /        0 )  0.00
             dup         0  (        0 /        0 )  0.00
       crit_dnsz         0  (        0 /        0 )  0.00
       crit_upsz         0  (        0 /        0 )  0.00
       crit_slew         0  (        0 /        0 )  0.00


           Trick     Calls     Accepts   Attempts    Time(secs) 
-----------------------------------------------------------
          plc_st         0  (        0 /        0 )  0.00
        plc_star         0  (        0 /        0 )  0.00
        drc_bufs         0  (        0 /        0 )  0.00
        drc_fopt         0  (        0 /        0 )  0.00
        drc_bufb         0  (        0 /        0 )  0.00
      simple_buf         0  (        0 /        0 )  0.00
             dup         0  (        0 /        0 )  0.00
       crit_dnsz         0  (        0 /        0 )  0.00
       crit_upsz         0  (        0 /        0 )  0.00


           Trick     Calls     Accepts   Attempts    Time(secs) 
-----------------------------------------------------------
          plc_st         0  (        0 /        0 )  0.00
        plc_star         0  (        0 /        0 )  0.00
        drc_bufs         0  (        0 /        0 )  0.00
        drc_fopt         0  (        0 /        0 )  0.00
        drc_bufb         0  (        0 /        0 )  0.00
             dup         0  (        0 /        0 )  0.00
       crit_dnsz         0  (        0 /        0 )  0.00
       crit_upsz         0  (        0 /        0 )  0.00

==================================
Stage : incr_opt 
==================================
  =================
   Message Summary
  =================
--------------------------------------------------------------------------------
|   Id    |  Sev   |Count |                   Message Text                     |
--------------------------------------------------------------------------------
| CFM-1   |Info    |    1 |Wrote dofile.                                       |
| CFM-5   |Info    |    1 |Wrote formal verification information.              |
| CPI-506 |Warning |    1 |Command 'commit_power_intent' cannot proceed as     |
|         |        |      | there is no power intent loaded.                   |
| PA-7    |Info    |    4 |Resetting power analysis results.                   |
|         |        |      |All computed switching activities are removed.      |
| SYNTH-5 |Info    |    1 |Done mapping.                                       |
| SYNTH-7 |Info    |    1 |Incrementally optimizing.                           |
--------------------------------------------------------------------------------
Info    : Done incrementally optimizing. [SYNTH-8]
        : Done incrementally optimizing 'dut'.
      flow.cputime  flow.realtime  timing.setup.tns  timing.setup.wns  snapshot
UM:*                                                                   syn_opt
@file(run.tcl) 9: write_hdl > led_netlist.v
@file(run.tcl) 10: write_sdc > led_constraint_tool.sdc
Finished SDC export (command execution time mm:ss (real) = 00:01).
@file(run.tcl) 11: report_area > led_area.txt
@file(run.tcl) 12: report_power > led_power.txt
Info    : Joules engine is used. [RPT-16]
        : Joules engine is being used for the command report_power.
Info   : ACTP-0001 [ACTPInfo] Activity propagation started for stim#0 netlist
       : dut
Info   : ACTP-0009 [ACTPInfo] Activity Propagation Progress Report :   0%   1%   2%   3%   4%   5%   6%   7%   8%   9%  10%  11%  12%  13%  14%  15%  16%  17%  18%  19%  20%  21%  22%  23%  24%  25%  26%  27%  28%  29%  30%  31%  32%  33%  34%  35%  36%  37%  38%  39%  40%  41%  42%  43%  44%  45%  46%  47%  48%  49%  50%  51%  52%  53%  54%  55%  56%  57%  58%  59%  60%  61%  62%  63%  64%  65%  66%  67%  68%  69%  70%  71%  72%  73%  74%  75%  76%  77%  78%  79%  80%  81%  82%  83%  84%  85%  86%  87%  88%  89%  90%  91%  92%  93%  94%  95%  96%  97%  98%  99% 100%
Info   : ACTP-0001 Activity propagation ended for stim#0
Info   : PWRA-0001 [PwrInfo] compute_power effective options 
       : -mode : vectorless
       : -skip_propagation : 1
       : -frequency_scaling_factor : 1.0
       : -use_clock_freq : stim
       : -stim :/stim#0
       : -fromGenus : 1
Info   : ACTP-0001 Timing initialization started
Info   : ACTP-0001 Timing initialization ended
Info   : PWRA-0002 [PwrInfo] Skipping activity propagation due to -skip_ap
       : option....
Warning: PWRA-0302 [PwrWarn] Frequency scaling is not applicable for vectorless
       : flow. Ignoring frequency scaling.
Warning: PWRA-0304 [PwrWarn] -stim option is not applicable with vectorless mode
       : of power analysis, ignored this option.
Info   : PWRA-0002 Started 'vectorless' power computation.
Info   : PWRA-0009 [PwrInfo] Power Computation Progress Report :   0%   1%   2%   3%   4%   5%   6%   7%   8%   9%  10%  11%  12%  13%  14%  15%  16%  17%  18%  19%  20%  21%  22%  23%  24%  25%  26%  27%  28%  29%  30%  31%  32%  33%  34%  35%  36%  37%  38%  39%  40%  41%  42%  43%  44%  45%  46%  47%  48%  49%  50%  51%  52%  53%  54%  55%  56%  57%  58%  59%  60%  61%  62%  63%  64%  65%  66%  67%  68%  69%  70%  71%  72%  73%  74%  75%  76%  77%  78%  79%  80%  81%  82%  83%  84%  85%  86%  87%  88%  89%  90%  91%  92%  93%  94%  95%  96%  97%  98%  99% 100%
Info   : PWRA-0002 Finished power computation.
Info   : PWRA-0007 [PwrInfo] Completed successfully.
       : Info=6, Warn=2, Error=0, Fatal=0
Output file: led_power.txt
@file(run.tcl) 13: report_timing > led_timing.txt
#@ End verbose source ./run.tcl
WARNING: This version of the tool is 1523 days old.

Lic Summary:
[13:55:23.277896] Cdslmd servers: CadenceServer
[13:55:23.277906] Feature usage summary:
[13:55:23.277906] Genus_Synthesis

Normal exit.